y_layer,x_coord,abs_uy_error
-0.20000000298023224,-0.6499999761581421,0.3545386493206024
-0.20000000298023224,-0.6337500214576721,0.34709423780441284
-0.20000000298023224,-0.6175000071525574,0.33958595991134644
-0.20000000298023224,-0.6012499928474426,0.3319967985153198
-0.20000000298023224,-0.5849999785423279,0.32433420419692993
-0.20000000298023224,-0.5687500238418579,0.3166062831878662
-0.20000000298023224,-0.5525000095367432,0.3088006377220154
-0.20000000298023224,-0.5362499952316284,0.3009271025657654
-0.20000000298023224,-0.5199999809265137,0.2929752767086029
-0.20000000298023224,-0.5037500262260437,0.284952312707901
-0.20000000298023224,-0.48750001192092896,0.2768568992614746
-0.20000000298023224,-0.4712499976158142,0.2686854302883148
-0.20000000298023224,-0.45500001311302185,0.2604418992996216
-0.20000000298023224,-0.4387499988079071,0.25212445855140686
-0.20000000298023224,-0.42250001430511475,0.2437276691198349
-0.20000000298023224,-0.40625,0.23526348173618317
-0.20000000298023224,-0.38999998569488525,0.2267185002565384
-0.20000000298023224,-0.3737500011920929,0.21810458600521088
-0.20000000298023224,-0.35749998688697815,0.20941482484340668
-0.20000000298023224,-0.3412500023841858,0.20065303146839142
-0.20000000298023224,-0.32499998807907104,0.19180718064308167
-0.20000000298023224,-0.3087500035762787,0.1828983873128891
-0.20000000298023224,-0.29249998927116394,0.17390958964824677
-0.20000000298023224,-0.2762500047683716,0.1648397445678711
-0.20000000298023224,-0.25999999046325684,0.1557043194770813
-0.20000000298023224,-0.24375000596046448,0.14648841321468353
-0.20000000298023224,-0.22750000655651093,0.13720490038394928
-0.20000000298023224,-0.21125000715255737,0.12783785164356232
-0.20000000298023224,-0.19499999284744263,0.11839909851551056
-0.20000000298023224,-0.17874999344348907,0.10888290405273438
-0.20000000298023224,-0.16249999403953552,0.0992964580655098
-0.20000000298023224,-0.14624999463558197,0.0896294042468071
-0.20000000298023224,-0.12999999523162842,0.07988855242729187
-0.20000000298023224,-0.11375000327825546,0.07006946951150894
-0.20000000298023224,-0.09749999642372131,0.06018253043293953
-0.20000000298023224,-0.08124999701976776,0.05021734535694122
-0.20000000298023224,-0.06499999761581421,0.04017772153019905
-0.20000000298023224,-0.04874999821186066,0.030058739706873894
-0.20000000298023224,-0.032499998807907104,0.019866330549120903
-0.20000000298023224,-0.016249999403953552,0.009598146192729473
-0.20000000298023224,0.0,0.000745710451155901
-0.20000000298023224,0.016249999403953552,0.011164006777107716
-0.20000000298023224,0.032499998807907104,0.021663649007678032
-0.20000000298023224,0.04874999821186066,0.03222980722784996
-0.20000000298023224,0.06499999761581421,0.042875006794929504
-0.20000000298023224,0.08124999701976776,0.053596895188093185
-0.20000000298023224,0.09749999642372131,0.06439134478569031
-0.20000000298023224,0.11375000327825546,0.0752672553062439
-0.20000000298023224,0.12999999523162842,0.08621316403150558
-0.20000000298023224,0.14624999463558197,0.09723345190286636
-0.20000000298023224,0.16249999403953552,0.10833308845758438
-0.20000000298023224,0.17874999344348907,0.11950842291116714
-0.20000000298023224,0.19499999284744263,0.13076026737689972
-0.20000000298023224,0.21125000715255737,0.14208553731441498
-0.20000000298023224,0.22750000655651093,0.15347713232040405
-0.20000000298023224,0.24375000596046448,0.1649542897939682
-0.20000000298023224,0.25999999046325684,0.17650073766708374
-0.20000000298023224,0.2762500047683716,0.18812242150306702
-0.20000000298023224,0.29249998927116394,0.19981732964515686
-0.20000000298023224,0.3087500035762787,0.2116074562072754
-0.20000000298023224,0.32499998807907104,0.22344839572906494
-0.20000000298023224,0.3412500023841858,0.23537278175354004
-0.20000000298023224,0.35749998688697815,0.2473718672990799
-0.20000000298023224,0.3737500011920929,0.25944748520851135
-0.20000000298023224,0.38999998569488525,0.27159231901168823
-0.20000000298023224,0.40625,0.2838088870048523
-0.20000000298023224,0.42250001430511475,0.29611101746559143
-0.20000000298023224,0.4387499988079071,0.30848604440689087
-0.20000000298023224,0.45500001311302185,0.3209322392940521
-0.20000000298023224,0.4712499976158142,0.3334452509880066
-0.20000000298023224,0.48750001192092896,0.34604382514953613
-0.20000000298023224,0.5037500262260437,0.35871416330337524
-0.20000000298023224,0.5199999809265137,0.37145155668258667
-0.20000000298023224,0.5362499952316284,0.38425934314727783
-0.20000000298023224,0.5525000095367432,0.3971483111381531
-0.20000000298023224,0.5687500238418579,0.4101092219352722
-0.20000000298023224,0.5849999785423279,0.42314210534095764
-0.20000000298023224,0.6012499928474426,0.43625500798225403
-0.20000000298023224,0.6175000071525574,0.449432373046875
-0.20000000298023224,0.6337500214576721,0.4626811444759369
-0.20000000298023224,0.6499999761581421,0.4760129749774933
-0.10000000149011612,-0.6499999761581421,0.35146769881248474
-0.10000000149011612,-0.6337500214576721,0.34412479400634766
-0.10000000149011612,-0.6175000071525574,0.3367067575454712
-0.10000000149011612,-0.6012499928474426,0.3292151987552643
-0.10000000149011612,-0.5849999785423279,0.321654736995697
-0.10000000149011612,-0.5687500238418579,0.3140178322792053
-0.10000000149011612,-0.5525000095367432,0.3063082695007324
-0.10000000149011612,-0.5362499952316284,0.2985309064388275
-0.10000000149011612,-0.5199999809265137,0.29067230224609375
-0.10000000149011612,-0.5037500262260437,0.28275182843208313
-0.10000000149011612,-0.48750001192092896,0.27474868297576904
-0.10000000149011612,-0.4712499976158142,0.26667189598083496
-0.10000000149011612,-0.45500001311302185,0.2585258185863495
-0.10000000149011612,-0.4387499988079071,0.2503073811531067
-0.10000000149011612,-0.42250001430511475,0.24200762808322906
-0.10000000149011612,-0.40625,0.23364309966564178
-0.10000000149011612,-0.38999998569488525,0.22520528733730316
-0.10000000149011612,-0.3737500011920929,0.2166876196861267
-0.10000000149011612,-0.35749998688697815,0.2080945521593094
-0.10000000149011612,-0.3412500023841858,0.19943153858184814
-0.10000000149011612,-0.32499998807907104,0.19068925082683563
-0.10000000149011612,-0.3087500035762787,0.1818760633468628
-0.10000000149011612,-0.29249998927116394,0.17298585176467896
-0.10000000149011612,-0.2762500047683716,0.16402806341648102
-0.10000000149011612,-0.25999999046325684,0.15498600900173187
-0.10000000149011612,-0.24375000596046448,0.14587827026844025
-0.10000000149011612,-0.22750000655651093,0.13669411838054657
-0.10000000149011612,-0.21125000715255737,0.1274382472038269
-0.10000000149011612,-0.19499999284744263,0.11809642612934113
-0.10000000149011612,-0.17874999344348907,0.10868492722511292
-0.10000000149011612,-0.16249999403953552,0.09920027107000351
-0.10000000149011612,-0.14624999463558197,0.08963465690612793
-0.10000000149011612,-0.12999999523162842,0.079996258020401
-0.10000000149011612,-0.11375000327825546,0.0702846497297287
-0.10000000149011612,-0.09749999642372131,0.060507599264383316
-0.10000000149011612,-0.08124999701976776,0.05063961446285248
-0.10000000149011612,-0.06499999761581421,0.040706463158130646
-0.10000000149011612,-0.04874999821186066,0.03069077990949154
-0.10000000149011612,-0.032499998807907104,0.02059980109333992
-0.10000000149011612,-0.016249999403953552,0.010445630177855492
-0.10000000149011612,0.0,0.00020090024918317795
-0.10000000149011612,0.016249999403953552,0.010116446763277054
-0.10000000149011612,0.032499998807907104,0.02050030790269375
-0.10000000149011612,0.04874999821186066,0.030960051342844963
-0.10000000149011612,0.06499999761581421,0.04150013253092766
-0.10000000149011612,0.08124999701976776,0.052120912820100784
-0.10000000149011612,0.09749999642372131,0.0628078281879425
-0.10000000149011612,0.11375000327825546,0.0735689178109169
-0.10000000149011612,0.12999999523162842,0.08442287147045135
-0.10000000149011612,0.14624999463558197,0.09533245861530304
-0.10000000149011612,0.16249999403953552,0.10631922632455826
-0.10000000149011612,0.17874999344348907,0.11738336831331253
-0.10000000149011612,0.19499999284744263,0.1285257637500763
-0.10000000149011612,0.21125000715255737,0.1397482007741928
-0.10000000149011612,0.22750000655651093,0.15104039013385773
-0.10000000149011612,0.24375000596046448,0.16240593791007996
-0.10000000149011612,0.25999999046325684,0.17384843528270721
-0.10000000149011612,0.2762500047683716,0.18536554276943207
-0.10000000149011612,0.29249998927116394,0.19696170091629028
-0.10000000149011612,0.3087500035762787,0.20862364768981934
-0.10000000149011612,0.32499998807907104,0.22036495804786682
-0.10000000149011612,0.3412500023841858,0.23217816650867462
-0.10000000149011612,0.35749998688697815,0.24407315254211426
-0.10000000149011612,0.3737500011920929,0.2560395300388336
-0.10000000149011612,0.38999998569488525,0.26807788014411926
-0.10000000149011612,0.40625,0.28019461035728455
-0.10000000149011612,0.42250001430511475,0.2923760712146759
-0.10000000149011612,0.4387499988079071,0.3046441078186035
-0.10000000149011612,0.45500001311302185,0.31698399782180786
-0.10000000149011612,0.4712499976158142,0.32939404249191284
-0.10000000149011612,0.48750001192092896,0.34188011288642883
-0.10000000149011612,0.5037500262260437,0.35443615913391113
-0.10000000149011612,0.5199999809265137,0.3670727610588074
-0.10000000149011612,0.5362499952316284,0.3797765076160431
-0.10000000149011612,0.5525000095367432,0.3925583064556122
-0.10000000149011612,0.5687500238418579,0.4054142236709595
-0.10000000149011612,0.5849999785423279,0.4183395206928253
-0.10000000149011612,0.6012499928474426,0.4313405156135559
-0.10000000149011612,0.6175000071525574,0.4444117546081543
-0.10000000149011612,0.6337500214576721,0.45756497979164124
-0.10000000149011612,0.6499999761581421,0.4707835614681244
0.0,-0.6499999761581421,0.34806323051452637
0.0,-0.6337500214576721,0.3408001959323883
0.0,-0.6175000071525574,0.33346056938171387
0.0,-0.6012499928474426,0.32605403661727905
0.0,-0.5849999785423279,0.31857818365097046
0.0,-0.5687500238418579,0.31103193759918213
0.0,-0.5525000095367432,0.3034089505672455
0.0,-0.5362499952316284,0.2957121729850769
0.0,-0.5199999809265137,0.28794556856155396
0.0,-0.5037500262260437,0.28010815382003784
0.0,-0.48750001192092896,0.27218979597091675
0.0,-0.4712499976158142,0.26420173048973083
0.0,-0.45500001311302185,0.2561414837837219
0.0,-0.4387499988079071,0.24801267683506012
0.0,-0.42250001430511475,0.23980802297592163
0.0,-0.40625,0.23152650892734528
0.0,-0.38999998569488525,0.2231711596250534
0.0,-0.3737500011920929,0.2147442102432251
0.0,-0.35749998688697815,0.2062389999628067
0.0,-0.3412500023841858,0.19766269624233246
0.0,-0.32499998807907104,0.1890280693769455
0.0,-0.3087500035762787,0.18029485642910004
0.0,-0.29249998927116394,0.17150501906871796
0.0,-0.2762500047683716,0.16263365745544434
0.0,-0.25999999046325684,0.153689906001091
0.0,-0.24375000596046448,0.1446591168642044
0.0,-0.22750000655651093,0.13557253777980804
0.0,-0.21125000715255737,0.12639828026294708
0.0,-0.19499999284744263,0.11715345084667206
0.0,-0.17874999344348907,0.10784316807985306
0.0,-0.16249999403953552,0.09845224022865295
0.0,-0.14624999463558197,0.08897572755813599
0.0,-0.12999999523162842,0.07943511754274368
0.0,-0.11375000327825546,0.06981614977121353
0.0,-0.09749999642372131,0.060126498341560364
0.0,-0.08124999701976776,0.0503586083650589
0.0,-0.06499999761581421,0.0405113510787487
0.0,-0.04874999821186066,0.030593136325478554
0.0,-0.032499998807907104,0.0206011775881052
0.0,-0.016249999403953552,0.010543079115450382
0.0,0.0,0.000391907524317503
0.0,0.016249999403953552,0.009819994680583477
0.0,0.032499998807907104,0.02012084610760212
0.0,0.04874999821186066,0.03048376925289631
0.0,0.06499999761581421,0.040930718183517456
0.0,0.08124999701976776,0.05145135149359703
0.0,0.09749999642372131,0.062037378549575806
0.0,0.11375000327825546,0.07270913571119308
0.0,0.12999999523162842,0.08345667272806168
0.0,0.14624999463558197,0.09427576512098312
0.0,0.16249999403953552,0.10516725480556488
0.0,0.17874999344348907,0.11613848060369492
0.0,0.19499999284744263,0.12718994915485382
0.0,0.21125000715255737,0.13830256462097168
0.0,0.22750000655651093,0.14950568974018097
0.0,0.24375000596046448,0.16077247262001038
0.0,0.25999999046325684,0.1721172332763672
0.0,0.2762500047683716,0.18353576958179474
0.0,0.29249998927116394,0.19502873718738556
0.0,0.3087500035762787,0.2066001445055008
0.0,0.32499998807907104,0.2182365208864212
0.0,0.3412500023841858,0.22996149957180023
0.0,0.35749998688697815,0.24175883829593658
0.0,0.3737500011920929,0.2536228597164154
0.0,0.38999998569488525,0.2655635476112366
0.0,0.40625,0.2775806784629822
0.0,0.42250001430511475,0.28967535495758057
0.0,0.4387499988079071,0.301846444606781
0.0,0.45500001311302185,0.31408923864364624
0.0,0.4712499976158142,0.32639557123184204
0.0,0.48750001192092896,0.33879053592681885
0.0,0.5037500262260437,0.3512541353702545
0.0,0.5199999809265137,0.36378878355026245
0.0,0.5362499952316284,0.37639668583869934
0.0,0.5525000095367432,0.38908323645591736
0.0,0.5687500238418579,0.40184465050697327
0.0,0.5849999785423279,0.41467589139938354
0.0,0.6012499928474426,0.42758435010910034
0.0,0.6175000071525574,0.44056105613708496
0.0,0.6337500214576721,0.45361244678497314
0.0,0.6499999761581421,0.4667268395423889
0.10000000149011612,-0.6499999761581421,0.34463438391685486
0.10000000149011612,-0.6337500214576721,0.337435781955719
0.10000000149011612,-0.6175000071525574,0.3301739990711212
0.10000000149011612,-0.6012499928474426,0.32284191250801086
0.10000000149011612,-0.5849999785423279,0.315450519323349
0.10000000149011612,-0.5687500238418579,0.3079602122306824
0.10000000149011612,-0.5525000095367432,0.30041974782943726
0.10000000149011612,-0.5362499952316284,0.2928011119365692
0.10000000149011612,-0.5199999809265137,0.2851092517375946
0.10000000149011612,-0.5037500262260437,0.2773473858833313
0.10000000149011612,-0.48750001192092896,0.26950570940971375
0.10000000149011612,-0.4712499976158142,0.2615995705127716
0.10000000149011612,-0.45500001311302185,0.253619521856308
0.10000000149011612,-0.4387499988079071,0.24556013941764832
0.10000000149011612,-0.42250001430511475,0.2374344915151596
0.10000000149011612,-0.40625,0.2292362004518509
0.10000000149011612,-0.38999998569488525,0.22096474468708038
0.10000000149011612,-0.3737500011920929,0.21261629462242126
0.10000000149011612,-0.35749998688697815,0.20420216023921967
0.10000000149011612,-0.3412500023841858,0.19569705426692963
0.10000000149011612,-0.32499998807907104,0.18713025748729706
0.10000000149011612,-0.3087500035762787,0.17849142849445343
0.10000000149011612,-0.29249998927116394,0.16977404057979584
0.10000000149011612,-0.2762500047683716,0.1609792560338974
0.10000000149011612,-0.25999999046325684,0.15211887657642365
0.10000000149011612,-0.24375000596046448,0.1431775838136673
0.10000000149011612,-0.22750000655651093,0.1341669261455536
0.10000000149011612,-0.21125000715255737,0.12507997453212738
0.10000000149011612,-0.19499999284744263,0.11592232435941696
0.10000000149011612,-0.17874999344348907,0.1066892072558403
0.10000000149011612,-0.16249999403953552,0.09738011658191681
0.10000000149011612,-0.14624999463558197,0.08799416571855545
0.10000000149011612,-0.12999999523162842,0.07853163033723831
0.10000000149011612,-0.11375000327825546,0.06899787485599518
0.10000000149011612,-0.09749999642372131,0.059397440403699875
0.10000000149011612,-0.08124999701976776,0.04970039799809456
0.10000000149011612,-0.06499999761581421,0.039952054619789124
0.10000000149011612,-0.04874999821186066,0.03011052869260311
0.10000000149011612,-0.032499998807907104,0.02020248770713806
0.10000000149011612,-0.016249999403953552,0.010222472250461578
0.10000000149011612,0.0,0.00016271497588604689
0.10000000149011612,0.016249999403953552,0.009960930794477463
0.10000000149011612,0.032499998807907104,0.02017218805849552
0.10000000149011612,0.04874999821186066,0.030457137152552605
0.10000000149011612,0.06499999761581421,0.040812455117702484
0.10000000149011612,0.08124999701976776,0.05125003308057785
0.10000000149011612,0.09749999642372131,0.06175459921360016
0.10000000149011612,0.11375000327825546,0.07233966141939163
0.10000000149011612,0.12999999523162842,0.0830061212182045
0.10000000149011612,0.14624999463558197,0.09373079985380173
0.10000000149011612,0.16249999403953552,0.10454195737838745
0.10000000149011612,0.17874999344348907,0.11542664468288422
0.10000000149011612,0.19499999284744263,0.12638555467128754
0.10000000149011612,0.21125000715255737,0.13741832971572876
0.10000000149011612,0.22750000655651093,0.14853163063526154
0.10000000149011612,0.24375000596046448,0.15971165895462036
0.10000000149011612,0.25999999046325684,0.17097073793411255
0.10000000149011612,0.2762500047683716,0.18230481445789337
0.10000000149011612,0.29249998927116394,0.19371525943279266
0.10000000149011612,0.3087500035762787,0.20520131289958954
0.10000000149011612,0.32499998807907104,0.21676453948020935
0.10000000149011612,0.3412500023841858,0.22839516401290894
0.10000000149011612,0.35749998688697815,0.2400990128517151
0.10000000149011612,0.3737500011920929,0.25188276171684265
0.10000000149011612,0.38999998569488525,0.263737291097641
0.10000000149011612,0.40625,0.2756744921207428
0.10000000149011612,0.42250001430511475,0.28768160939216614
0.10000000149011612,0.4387499988079071,0.2997605502605438
0.10000000149011612,0.45500001311302185,0.3119168281555176
0.10000000149011612,0.4712499976158142,0.3241402208805084
0.10000000149011612,0.48750001192092896,0.3364526927471161
0.10000000149011612,0.5037500262260437,0.34883198142051697
0.10000000149011612,0.5199999809265137,0.36128509044647217
0.10000000149011612,0.5362499952316284,0.3738076090812683
0.10000000149011612,0.5525000095367432,0.3864089250564575
0.10000000149011612,0.5687500238418579,0.3990902006626129
0.10000000149011612,0.5849999785423279,0.4118344485759735
0.10000000149011612,0.6012499928474426,0.42465606331825256
0.10000000149011612,0.6175000071525574,0.4375557005405426
0.10000000149011612,0.6337500214576721,0.4505232274532318
0.10000000149011612,0.6499999761581421,0.4635690152645111
0.20000000298023224,-0.6499999761581421,0.34150460362434387
0.20000000298023224,-0.6337500214576721,0.3343854248523712
0.20000000298023224,-0.6175000071525574,0.32718607783317566
0.20000000298023224,-0.6012499928474426,0.3199257254600525
0.20000000298023224,-0.5849999785423279,0.3125951290130615
0.20000000298023224,-0.5687500238418579,0.30518704652786255
0.20000000298023224,-0.5525000095367432,0.29769793152809143
0.20000000298023224,-0.5362499952316284,0.29014891386032104
0.20000000298023224,-0.5199999809265137,0.2825297713279724
0.20000000298023224,-0.5037500262260437,0.2748374044895172
0.20000000298023224,-0.48750001192092896,0.2670699656009674
0.20000000298023224,-0.4712499976158142,0.25922998785972595
0.20000000298023224,-0.45500001311302185,0.2513222396373749
0.20000000298023224,-0.4387499988079071,0.24333909153938293
0.20000000298023224,-0.42250001430511475,0.23527663946151733
0.20000000298023224,-0.40625,0.22715067863464355
0.20000000298023224,-0.38999998569488525,0.21894419193267822
0.20000000298023224,-0.3737500011920929,0.21066829562187195
0.20000000298023224,-0.35749998688697815,0.20231367647647858
0.20000000298023224,-0.3412500023841858,0.19389639794826508
0.20000000298023224,-0.32499998807907104,0.18539734184741974
0.20000000298023224,-0.3087500035762787,0.17682626843452454
0.20000000298023224,-0.29249998927116394,0.16818560659885406
0.20000000298023224,-0.2762500047683716,0.15947014093399048
0.20000000298023224,-0.25999999046325684,0.150680273771286
0.20000000298023224,-0.24375000596046448,0.14181119203567505
0.20000000298023224,-0.22750000655651093,0.1328759342432022
0.20000000298023224,-0.21125000715255737,0.12385532259941101
0.20000000298023224,-0.19499999284744263,0.11476654559373856
0.20000000298023224,-0.17874999344348907,0.10561156272888184
0.20000000298023224,-0.16249999403953552,0.09636865556240082
0.20000000298023224,-0.14624999463558197,0.08706015348434448
0.20000000298023224,-0.12999999523162842,0.07767682522535324
0.20000000298023224,-0.11375000327825546,0.06821145117282867
0.20000000298023224,-0.09749999642372131,0.05868150293827057
0.20000000298023224,-0.08124999701976776,0.04907239228487015
0.20000000298023224,-0.06499999761581421,0.039388470351696014
0.20000000298023224,-0.04874999821186066,0.02962973713874817
0.20000000298023224,-0.032499998807907104,0.01979629509150982
0.20000000298023224,-0.016249999403953552,0.009890827350318432
0.20000000298023224,0.0,9.513366967439651e-05
0.20000000298023224,0.016249999403953552,0.010154301300644875
0.20000000298023224,0.032499998807907104,0.020287856459617615
0.20000000298023224,0.04874999821186066,0.030498363077640533
0.20000000298023224,0.06499999761581421,0.040782131254673004
0.20000000298023224,0.08124999701976776,0.05113799124956131
0.20000000298023224,0.09749999642372131,0.061568763107061386
0.20000000298023224,0.11375000327825546,0.07208018749952316
0.20000000298023224,0.12999999523162842,0.08266813308000565
0.20000000298023224,0.14624999463558197,0.09332453459501266
0.20000000298023224,0.16249999403953552,0.1040562093257904
0.20000000298023224,0.17874999344348907,0.11487214267253876
0.20000000298023224,0.19499999284744263,0.12575261294841766
0.20000000298023224,0.21125000715255737,0.1367100179195404
0.20000000298023224,0.22750000655651093,0.14773988723754883
0.20000000298023224,0.24375000596046448,0.15885090827941895
0.20000000298023224,0.25999999046325684,0.17003411054611206
0.20000000298023224,0.2762500047683716,0.18129508197307587
0.20000000298023224,0.29249998927116394,0.19262324273586273
0.20000000298023224,0.3087500035762787,0.20403599739074707
0.20000000298023224,0.32499998807907104,0.2155216634273529
0.20000000298023224,0.3412500023841858,0.22708475589752197
0.20000000298023224,0.35749998688697815,0.23872123658657074
0.20000000298023224,0.3737500011920929,0.25043120980262756
0.20000000298023224,0.38999998569488525,0.26221492886543274
0.20000000298023224,0.40625,0.27407577633857727
0.20000000298023224,0.42250001430511475,0.28600695729255676
0.20000000298023224,0.4387499988079071,0.2980166971683502
0.20000000298023224,0.45500001311302185,0.3101038336753845
0.20000000298023224,0.4712499976158142,0.32225969433784485
0.20000000298023224,0.48750001192092896,0.3344932794570923
0.20000000298023224,0.5037500262260437,0.34679850935935974
0.20000000298023224,0.5199999809265137,0.3591794967651367
0.20000000298023224,0.5362499952316284,0.3716384172439575
0.20000000298023224,0.5525000095367432,0.38416844606399536
0.20000000298023224,0.5687500238418579,0.39677882194519043
0.20000000298023224,0.5849999785423279,0.40946051478385925
0.20000000298023224,0.6012499928474426,0.42221003770828247
0.20000000298023224,0.6175000071525574,0.4350290298461914
0.20000000298023224,0.6337500214576721,0.44793540239334106
0.20000000298023224,0.6499999761581421,0.46091097593307495
