epoch,total,physics,heat,visc,ic,bc,bc_disp,bc_flux,data,data_temp,data_disp
0,363.6102600097656,0.0895453691482544,0.0834936797618866,0.006051689852029085,292114.15625,2.505749396403834e+19,2.505749396403834e+19,0.001469913637265563,4196132.5,0.7425707578659058,4196132.0
1,305.28564453125,0.08259052783250809,0.07700908929109573,0.005581434350460768,291832.78125,3.3315284784984883e+18,3.3315284784984883e+18,0.001549077802337706,599180.5,0.7522487044334412,599179.75
2,336.21026611328125,0.031503282487392426,0.029374390840530396,0.002128893043845892,291659.15625,1.4943867978016358e+18,1.4943867978016358e+18,0.0015355824725702405,4148153.5,0.7502809762954712,4148152.75
3,332.613525390625,0.029660664498806,0.027656225487589836,0.002004437381401658,291463.875,9.670675494705562e+17,9.670675494705562e+17,0.0015382610727101564,3869951.25,0.749501645565033,3869950.5
4,317.7101135253906,0.028118658810853958,0.02621842734515667,0.0019002326298505068,291231.15625,9.691245295676948e+17,9.691245295676948e+17,0.001556885545141995,2410388.5,0.7500902414321899,2410387.75
5,304.0106201171875,0.03532928228378296,0.03294174373149872,0.0023875446058809757,290982.40625,9.896192201510093e+17,9.896192201510093e+17,0.001560339704155922,1027211.6875,0.7494807839393616,1027210.9375
6,297.9481201171875,0.03220581263303757,0.03002931736409664,0.0021764966659247875,290736.53125,1.0584495414029844e+18,1.0584495414029844e+18,0.0015402809949591756,454284.65625,0.7481030225753784,454283.90625
7,303.81695556640625,0.023834867402911186,0.022224053740501404,0.0016108129639178514,290500.375,1.2462907950870036e+18,1.2462907950870036e+18,0.001503581996075809,1087853.25,0.7460464835166931,1087852.5
8,295.1803894042969,0.017410827800631523,0.01623416319489479,0.001176662859506905,290270.90625,8.986563483071939e+17,8.986563483071939e+17,0.0014753476716578007,314025.46875,0.7436586022377014,314024.71875
9,299.8104248046875,0.01841709576547146,0.01717243902385235,0.0012446576729416847,290044.75,8.587350052479959e+17,8.587350052479959e+17,0.0014479801757261157,798605.6875,0.7406724691390991,798604.9375
10,292.1657409667969,0.030826691538095474,0.02874339185655117,0.0020832994487136602,289821.125,7.909157536572375e+17,7.909157536572375e+17,0.0014252433320507407,1235.333984375,0.7384153604507446,1234.5955810546875
11,293.1007080078125,0.03836061805486679,0.03576816990971565,0.002592452336102724,289597.8125,7.674802817864827e+17,7.674802817864827e+17,0.0014101944398134947,81735.484375,0.7362963557243347,81734.75
12,291.69561767578125,0.0308484248816967,0.028763651847839355,0.0020847704727202654,289379.5,7.273755951633531e+17,7.273755951633531e+17,0.0014044500421732664,4628.39599609375,0.7344329357147217,4627.66162109375
13,291.77850341796875,0.023482458665966988,0.021895473822951317,0.0015869842609390616,289172.15625,6.616239064691507e+17,6.616239064691507e+17,0.0014014123007655144,77057.3125,0.7326381802558899,77056.578125
14,290.8797302246094,0.024563360959291458,0.022903287783265114,0.0016600749222561717,288980.1875,5.918091787129324e+17,5.918091787129324e+17,0.0013942053774371743,7955.55078125,0.7306033968925476,7954.8203125
15,291.41156005859375,0.02781900390982628,0.025938857346773148,0.0018801491241902113,288802.84375,5.324815585027031e+17,5.324815585027031e+17,0.001380442758090794,68526.625,0.7281433939933777,68525.8984375
16,290.7109375,0.02891938015818596,0.026964832097291946,0.001954548992216587,288635.9375,4.801676542465802e+17,4.801676542465802e+17,0.0013601925456896424,14883.576171875,0.7251763939857483,14882.8505859375
17,290.5815124511719,0.025112133473157883,0.02341487631201744,0.0016972554149106145,288473.75,4.4356934456416666e+17,4.4356934456416666e+17,0.0013355022529140115,40856.84765625,0.7217985987663269,40856.125
18,289.847412109375,0.019823741167783737,0.01848389208316803,0.0013398490846157074,288311.65625,4.070522269435167e+17,4.070522269435167e+17,0.0013072952860966325,13752.5400390625,0.718091607093811,13751.822265625
19,289.71990966796875,0.017408303916454315,0.016231706365942955,0.0011765968520194292,288147.03125,3.83506872629461e+17,3.83506872629461e+17,0.001277661300264299,31892.994140625,0.7141948938369751,31892.279296875
20,289.2198181152344,0.015820549800992012,0.014751262031495571,0.0010692873038351536,287979.59375,3.680026591661916e+17,3.680026591661916e+17,0.001250550732947886,8117.53955078125,0.7102764248847961,8116.8291015625
21,289.1080627441406,0.01320398785173893,0.012311538681387901,0.0008924488793127239,287810.0,3.506639792714547e+17,3.506639792714547e+17,0.0012265031691640615,28717.5390625,0.7063587307929993,28716.83203125
22,288.528564453125,0.01113706361502409,0.01038431003689766,0.0007527535199187696,287639.28125,3.3180433119811994e+17,3.3180433119811994e+17,0.0012056881096214056,62.1333122253418,0.7026727199554443,61.430641174316406
23,288.5533447265625,0.010455130599439144,0.00974847748875618,0.000706653983797878,287466.96875,3.253246686574674e+17,3.253246686574674e+17,0.0011863077525049448,23827.751953125,0.6990559697151184,23827.052734375
24,288.1590576171875,0.010836072266101837,0.010103686712682247,0.0007323852041736245,287292.3125,3.169037496184996e+17,3.169037496184996e+17,0.0011659396113827825,802.1381225585938,0.6953111290931702,801.4428100585938
25,288.12738037109375,0.01060954574495554,0.009892475791275501,0.0007170699536800385,287113.09375,3.0669272257029734e+17,3.0669272257029734e+17,0.0011426631826907396,17710.80078125,0.6913593411445618,17710.109375
26,287.67706298828125,0.008782006800174713,0.008188450708985329,0.0005935559165664017,286927.15625,2.999408621822935e+17,2.999408621822935e+17,0.0011186866322532296,1085.40966796875,0.6874843835830688,1084.72216796875
27,287.6795349121094,0.0083919120952487,0.007824727334082127,0.0005671854014508426,286731.375,3.158189439587451e+17,3.158189439587451e+17,0.0010905873496085405,21274.818359375,0.6833294630050659,21274.134765625
28,287.2315673828125,0.008303249254822731,0.007742059882730246,0.000561190361622721,286524.625,2.915096008620769e+17,2.915096008620769e+17,0.001065607531927526,26.691566467285156,0.6797375082969666,26.011829376220703
29,287.16290283203125,0.007763650268316269,0.007238930091261864,0.0005247199442237616,286306.59375,2.6787963569229005e+17,2.6787963569229005e+17,0.0010424996726214886,20023.28515625,0.6764281392097473,20022.609375
30,286.7191467285156,0.007549426052719355,0.007039190270006657,0.0005102362483739853,286078.59375,2.615029664673956e+17,2.615029664673956e+17,0.001021111849695444,156.41172790527344,0.6732615232467651,155.73846435546875
31,286.6571044921875,0.007903117686510086,0.007368981838226318,0.000534135673660785,285841.9375,2.57767410071765e+17,2.57767410071765e+17,0.0010005924850702286,16223.115234375,0.6701525449752808,16222.4453125
32,286.2547912597656,0.008394316770136356,0.007826984860002995,0.000567333772778511,285598.46875,2.3430563582128947e+17,2.3430563582128947e+17,0.0009808946633711457,230.08677673339844,0.667104184627533,229.419677734375
33,286.10821533203125,0.008207489736378193,0.007652773521840572,0.0005547151667997241,285349.875,2.1602733734127206e+17,2.1602733734127206e+17,0.0009611971327103674,13192.2763671875,0.6639912724494934,13191.6123046875
34,285.72003173828125,0.008075002580881119,0.007529230322688818,0.0005457719089463353,285097.125,2.1099341233206067e+17,2.1099341233206067e+17,0.0009412941872142255,815.8794555664062,0.6607722043991089,815.2186889648438
35,285.57489013671875,0.008797502145171165,0.008202891796827316,0.0005946101737208664,284840.65625,2.083424038981468e+17,2.083424038981468e+17,0.0009219811763614416,8601.0966796875,0.6575624346733093,8600.439453125
36,285.26177978515625,0.009457642212510109,0.008818411268293858,0.0006392303621396422,284581.34375,1.9484146626094694e+17,1.9484146626094694e+17,0.0009030141518451273,1269.8441162109375,0.6544100046157837,1269.189697265625
37,285.04156494140625,0.009575027041137218,0.008927862159907818,0.0006471660453826189,284320.34375,1.8061333912092672e+17,1.8061333912092672e+17,0.0008844174444675446,6185.41064453125,0.6512734889984131,6184.75927734375
38,284.75433349609375,0.009982057847082615,0.009307383559644222,0.0006746745784766972,284058.65625,1.721049230082048e+17,1.721049230082048e+17,0.0008659995510242879,2443.52197265625,0.6480792164802551,2442.873779296875
39,284.5259094238281,0.010607756674289703,0.00989079475402832,0.0007169595337472856,283796.96875,1.6712982187107942e+17,1.6712982187107942e+17,0.0008460869430564344,3136.345458984375,0.6446525454521179,3135.700927734375
40,284.2420959472656,0.010434308089315891,0.009729071520268917,0.0007052363944239914,283535.1875,1.6192581615694643e+17,1.6192581615694643e+17,0.0008237558649852872,2326.30859375,0.6408833265304565,2325.667724609375
41,283.9890441894531,0.010821972973644733,0.0100905392318964,0.000731433741748333,283272.5625,1.5728615196563866e+17,1.5728615196563866e+17,0.0008013079641386867,1807.313720703125,0.6370019912719727,1806.6767578125
42,283.7234802246094,0.010877007618546486,0.010141851380467415,0.0007351569947786629,283008.78125,1.5136102124250726e+17,1.5136102124250726e+17,0.0007812690455466509,1947.97216796875,0.6333816051483154,1947.3387451171875
43,283.4205017089844,0.010369000025093555,0.009668167680501938,0.0007008310058154166,282743.5625,1.4345911464152269e+17,1.4345911464152269e+17,0.0007630367181263864,1500.242919921875,0.6299951076507568,1499.6129150390625
44,283.15386962890625,0.010457766242325306,0.009750939905643463,0.000706828897818923,282476.5,1.354763595761582e+17,1.354763595761582e+17,0.0007440519984811544,1899.9012451171875,0.6264790892601013,1899.2747802734375
45,282.84613037109375,0.009917007759213448,0.00924672931432724,0.0006702771643176675,282207.21875,1.286193497988137e+17,1.286193497988137e+17,0.0007227708701975644,1440.09130859375,0.6226174831390381,1439.46875
46,282.5550537109375,0.009854347445070744,0.009188310243189335,0.0006660369108431041,281935.1875,1.2301524211125453e+17,1.2301524211125453e+17,0.0006992988637648523,410.5354309082031,0.6184399127960205,409.9169921875
47,282.3192138671875,0.00968525093048811,0.00903064664453268,0.0006546041695401073,281659.34375,1.2188875808885965e+17,1.2188875808885965e+17,0.000673630100209266,5371.93505859375,0.6140419244766235,5371.32080078125
48,281.99920654296875,0.009313907474279404,0.008684379048645496,0.0006295278435572982,281379.125,1.1306660320509952e+17,1.1306660320509952e+17,0.000652831222396344,4127.6435546875,0.6098024845123291,4127.03369140625
49,281.6554260253906,0.008932733908295631,0.008328959345817566,0.0006037757266312838,281094.28125,1.0777075391030886e+17,1.0777075391030886e+17,0.000630448863375932,675.263916015625,0.6053302884101868,674.6585693359375
50,281.38360595703125,0.008698511868715286,0.00811056513339281,0.0005879466189071536,280803.96875,1.0379315892767949e+17,1.0379315892767949e+17,0.0006079243030399084,4089.2060546875,0.6006795167922974,4088.60546875
51,281.0299377441406,0.008373447693884373,0.007807470858097076,0.0005659771850332618,280507.15625,9.653200990765056e+16,9.653200990765056e+16,0.0005845382693223655,757.1966552734375,0.5957478284835815,756.6008911132812
52,280.72418212890625,0.00824018195271492,0.007683210540562868,0.0005569724598899484,280203.09375,8.971336277819392e+16,8.971336277819392e+16,0.0005620042211376131,1934.86328125,0.5909509658813477,1934.2723388671875
53,280.4115905761719,0.00787152349948883,0.0073394570499658585,0.0005320662166923285,279891.96875,8.397679829922611e+16,8.397679829922611e+16,0.0005406943382695317,4204.69287109375,0.5864107608795166,4204.1064453125
54,280.0507507324219,0.007596848998218775,0.007083340547978878,0.000513507635332644,279574.125,8.04211065440174e+16,8.04211065440174e+16,0.0005178202409297228,1636.8504638671875,0.5815919637680054,1636.2689208984375
55,279.6962585449219,0.007376281078904867,0.006877683103084564,0.0004985984414815903,279249.5,7.715846899734938e+16,7.715846899734938e+16,0.000494635954964906,78.01038360595703,0.5767049789428711,77.43367767333984
56,279.3773193359375,0.007189074531197548,0.006703134626150131,0.0004859394102822989,278917.15625,7.482621585627546e+16,7.482621585627546e+16,0.00047120777890086174,2583.918212890625,0.5716882944107056,2583.346435546875
57,279.1134948730469,0.006973478943109512,0.00650211563333869,0.0004713629314210266,278575.875,8.18149436906537e+16,8.18149436906537e+16,0.0004483688098844141,10711.232421875,0.5665738582611084,10710.666015625
58,278.85772705078125,0.006998493801802397,0.006525437347590923,0.0004730552027467638,278225.40625,7.092310419649331e+16,7.092310419649331e+16,0.0004279485438019037,21146.427734375,0.5617672801017761,21145.865234375
59,278.4353332519531,0.007275755517184734,0.006783958058804274,0.0004917972255498171,277865.75,6.973399525595546e+16,6.973399525595546e+16,0.0004078770871274173,13606.134765625,0.5566275119781494,13605.578125
60,277.91705322265625,0.007101145572960377,0.006621139589697123,0.0004800067108590156,277497.84375,6.29825858395177e+16,6.29825858395177e+16,0.00038963480619713664,113.66381072998047,0.5518738031387329,113.1119384765625
61,277.65606689453125,0.007369095925241709,0.006870973855257034,0.0004981235833838582,277121.75,6.117244180784742e+16,6.117244180784742e+16,0.00037098772008903325,10467.1611328125,0.5469667315483093,10466.6142578125
62,277.3062438964844,0.007485078647732735,0.006979107856750488,0.000505971082020551,276738.0,5.799904509165568e+16,5.799904509165568e+16,0.0003513819247018546,13595.0830078125,0.5416373610496521,13594.541015625
63,276.7898254394531,0.007640016730874777,0.007123566698282957,0.0005164495669305325,276346.75,5.555358520259379e+16,5.555358520259379e+16,0.00033252043067477643,553.261962890625,0.5365937948226929,552.725341796875
64,276.4537353515625,0.007694255094975233,0.007174140773713589,0.0005201142630539834,275948.375,5.327656104597914e+16,5.327656104597914e+16,0.0003134587896056473,6734.41943359375,0.5315308570861816,6733.8876953125
65,276.10662841796875,0.007808979135006666,0.007281116675585508,0.0005278618191368878,275543.6875,5.001152690755994e+16,5.001152690755994e+16,0.0002940080303233117,12246.9033203125,0.5261818170547485,12246.376953125
66,275.5868225097656,0.007675679866224527,0.007156826555728912,0.0005188533687032759,275133.125,4.787390020950426e+16,4.787390020950426e+16,0.0002745907986536622,2200.796142578125,0.5207437872886658,2200.275390625
67,275.169677734375,0.007684559561312199,0.007165112532675266,0.0005194470286369324,274714.96875,4.699267599958016e+16,4.699267599958016e+16,0.00025472219567745924,2348.197265625,0.5150554776191711,2347.68212890625
68,274.82208251953125,0.0076986923813819885,0.007178301922976971,0.0005203895270824432,274287.71875,4.806614294567322e+16,4.806614294567322e+16,0.00023622094886377454,10133.423828125,0.5094537734985352,10132.9140625
69,274.3509826660156,0.007551218848675489,0.007040790747851133,0.0005104266456328332,273851.03125,4.389863739411661e+16,4.389863739411661e+16,0.00021964256302453578,7848.25537109375,0.5039637684822083,7847.75146484375
70,273.84393310546875,0.007672322914004326,0.00715370150282979,0.0005186208290979266,273406.25,4.404567989446246e+16,4.404567989446246e+16,0.00020322916680015624,1004.2210083007812,0.4983769357204437,1003.72265625
71,273.3880615234375,0.007569606881588697,0.007057907059788704,0.000511699530761689,272954.0,4.350205729387315e+16,4.350205729387315e+16,0.00018616813758853823,1209.5653076171875,0.4923708438873291,1209.0728759765625
72,272.9748840332031,0.007549203932285309,0.007038868498057127,0.0005103350267745554,272494.59375,3.915048662387917e+16,3.915048662387917e+16,0.00016978954954538494,6366.55517578125,0.486266553401947,6366.06884765625
73,272.50701904296875,0.007479284889996052,0.006973681040108204,0.0005056041409261525,272028.25,4.020742224084992e+16,4.020742224084992e+16,0.0001536817871965468,6458.5185546875,0.48026135563850403,6458.0380859375
74,271.9757385253906,0.00753827253356576,0.007028684485703707,0.0005095883971080184,271552.9375,3.694996871970816e+16,3.694996871970816e+16,0.0001384001225233078,890.3690185546875,0.47417783737182617,889.8948364257812
75,271.4920959472656,0.007495241705328226,0.006988562177866697,0.0005066798767074943,271068.53125,3.704008572351283e+16,3.704008572351283e+16,0.00012328803131822497,1174.40966796875,0.46797022223472595,1173.941650390625
76,271.0399169921875,0.007515703793615103,0.007007637992501259,0.0005080661503598094,270575.125,3.754482169020416e+16,3.754482169020416e+16,0.00010890035628108308,5144.88134765625,0.46170252561569214,5144.41943359375
77,270.547607421875,0.007595728617161512,0.007082250434905291,0.000513478007633239,270072.40625,3.787027283705856e+16,3.787027283705856e+16,9.539732127450407e-05,5752.89892578125,0.45533713698387146,5752.443359375
78,270.00970458984375,0.00759460125118494,0.007081206887960434,0.000513393257278949,269561.25,3.71914103062528e+16,3.71914103062528e+16,8.24320231913589e-05,3152.2705078125,0.4489654302597046,3151.821533203125
79,269.4648742675781,0.007686312310397625,0.007166724186390638,0.0005195874837227166,269040.0625,3.748741945229312e+16,3.748741945229312e+16,7.02991455909796e-05,303.51068115234375,0.44249823689460754,303.06817626953125
80,268.94158935546875,0.007787590380758047,0.007261154241859913,0.0005264361388981342,268508.21875,3.780794427165901e+16,3.780794427165901e+16,5.9030669945059344e-05,617.057861328125,0.4359665811061859,616.6218872070312
81,268.4397277832031,0.00789228267967701,0.007358766160905361,0.0005335156456567347,267965.53125,3.882363102271898e+16,3.882363102271898e+16,4.8491467168787494e-05,4073.6630859375,0.4293554127216339,4073.233642578125
82,267.98638916015625,0.00803096778690815,0.0074880728498101234,0.0005428933072835207,267412.09375,3.978645961126707e+16,3.978645961126707e+16,3.902539174305275e-05,13294.982421875,0.4227367341518402,13294.5595703125
83,267.6333923339844,0.008315223269164562,0.0077531044371426105,0.0005621187156066298,266850.96875,4.0382893129728e+16,4.0382893129728e+16,3.096570435445756e-05,32627.734375,0.41622498631477356,32627.318359375
84,267.2297058105469,0.00883792620152235,0.0082404725253582,0.0005974532105028629,266280.78125,3.864011136512819e+16,3.864011136512819e+16,2.355738979531452e-05,46837.0703125,0.40969881415367126,46836.66015625
85,266.5709533691406,0.009059540927410126,0.008447090163826942,0.0006124500068835914,265704.84375,4.135982639087616e+16,4.135982639087616e+16,1.7900254533742554e-05,37176.23828125,0.40347912907600403,37175.8359375
86,265.6603088378906,0.009388094767928123,0.008753438480198383,0.0006346567533910275,265121.625,3.974975052578816e+16,3.974975052578816e+16,1.2516543392848689e-05,2950.88916015625,0.3971741795539856,2950.491943359375
87,265.18719482421875,0.010016411542892456,0.00933927670121193,0.0006771348416805267,264532.4375,4.040712963017933e+16,4.040712963017933e+16,8.171655281330459e-06,11351.4111328125,0.3907041847705841,11351.0205078125
88,264.7261657714844,0.010061885230243206,0.009381670504808426,0.0006802144926041365,263937.8125,4.55019615706153e+16,4.55019615706153e+16,4.637901838577818e-06,23975.6953125,0.3839578926563263,23975.310546875
89,263.93267822265625,0.010141941718757153,0.009456347674131393,0.000685594161041081,263334.9375,4.378098106000998e+16,4.378098106000998e+16,2.0543143364193384e-06,4682.1728515625,0.3773714005947113,4681.79541015625
90,263.32513427734375,0.010400737635791302,0.00969766452908516,0.0007030721753835678,262722.6875,4.411759053189939e+16,4.411759053189939e+16,9.363624826619343e-07,3827.40576171875,0.37066760659217834,3827.03515625
91,262.8112487792969,0.010207133367657661,0.009517130441963673,0.0006900040898472071,262101.390625,4.639335196812902e+16,4.639335196812902e+16,1.080298261513235e-06,15311.896484375,0.36361879110336304,15311.533203125
92,262.1128845214844,0.010353145189583302,0.009653272107243538,0.0006998738390393555,261469.265625,4.486817042661376e+16,4.486817042661376e+16,2.643201241880888e-06,8109.77978515625,0.35640814900398254,8109.42333984375
93,261.3833923339844,0.01028961781412363,0.00959401298314333,0.0006956048309803009,260825.421875,4.248853520633037e+16,4.248853520633037e+16,5.50545109945233e-06,98.35380554199219,0.3491532504558563,98.00465393066406
94,260.76806640625,0.009897314012050629,0.009228206239640713,0.0006691071903333068,260170.984375,4.175138567435059e+16,4.175138567435059e+16,9.753611266205553e-06,6044.44677734375,0.34182149171829224,6044.10498046875
95,260.1979675292969,0.010404896922409534,0.009701463393867016,0.0007034345180727541,259506.828125,3.989265697262797e+16,3.989265697262797e+16,1.550781962578185e-05,13100.9541015625,0.33457934856414795,13100.619140625
96,259.4729309082031,0.010374716483056545,0.00967329554259777,0.0007014207658357918,258833.453125,3.948402089918464e+16,3.948402089918464e+16,2.2899639589013532e-05,8124.9912109375,0.3269934356212616,8124.6640625
97,258.71209716796875,0.010331753641366959,0.009633242152631283,0.0006985095096752048,258150.25,3.759257743156838e+16,3.759257743156838e+16,3.199945786036551e-05,761.9759521484375,0.319755882024765,761.6561889648438
98,257.9918518066406,0.009651885367929935,0.008999344892799854,0.0006525408243760467,257457.515625,3.85210291018793e+16,3.85210291018793e+16,4.2716219468275085e-05,1321.982421875,0.3123994767665863,1321.6700439453125
99,257.367919921875,0.010216868482530117,0.009526173584163189,0.0006906952476128936,256755.140625,4.036827306105242e+16,4.036827306105242e+16,5.5501550377812237e-05,6155.71240234375,0.3047981858253479,6155.40771484375
100,256.7465515136719,0.01035578828305006,0.009655725210905075,0.0007000640034675598,256040.84375,4.070110296172134e+16,4.070110296172134e+16,7.06568025634624e-05,14718.4638671875,0.29732686281204224,14718.1669921875
101,256.1983947753906,0.010020490735769272,0.009343063458800316,0.000677427917253226,255314.890625,4.09242737573888e+16,4.09242737573888e+16,8.609129872638732e-05,34154.15625,0.28964897990226746,34153.8671875
102,255.69070434570312,0.010083143599331379,0.009401426650583744,0.0006817185203544796,254575.625,4.110676691779584e+16,4.110676691779584e+16,0.00010246743477182463,56981.55078125,0.2826366424560547,56981.26953125
103,255.03216552734375,0.012533809058368206,0.011686387471854687,0.0008474230417050421,253829.796875,4.151094481518592e+16,4.151094481518592e+16,0.00012028786295559257,53416.3984375,0.27538642287254333,53416.125
104,254.09539794921875,0.01727103628218174,0.016103453934192657,0.0011675819987431169,253078.703125,3.584736256799539e+16,3.584736256799539e+16,0.0001407669624313712,11727.9365234375,0.26852622628211975,11727.66796875
105,253.46359252929688,0.021200280636548996,0.019767163321375847,0.0014331184793263674,252326.8125,3.520706025357312e+16,3.520706025357312e+16,0.00016093863814603537,4154.69677734375,0.26165586709976196,4154.43505859375
106,253.0801239013672,0.022645503282546997,0.02111482247710228,0.0015306808054447174,251573.8125,3.717963350592717e+16,3.717963350592717e+16,0.00018695548351388425,33683.9609375,0.2542016804218292,33683.70703125
107,252.21044921875,0.021332962438464165,0.019890962168574333,0.001442000619135797,250814.0,3.558480262725632e+16,3.558480262725632e+16,0.0002114857779815793,29421.1796875,0.24788561463356018,29420.931640625
108,250.7998809814453,0.014095041900873184,0.013142253272235394,0.0009527880465611815,250047.40625,3.3755676987621376e+16,3.3755676987621376e+16,0.00023703626357018948,1395.2310791015625,0.2405865639448166,1394.990478515625
109,250.20635986328125,0.015600556507706642,0.01454596221446991,0.0010545961558818817,249269.234375,3.3680023286185984e+16,3.3680023286185984e+16,0.0002661437902133912,12341.7421875,0.23339179158210754,12341.5087890625
110,249.717041015625,0.020556211471557617,0.019166558980941772,0.0013896547025069594,248481.09375,3.2530571926175744e+16,3.2530571926175744e+16,0.00029657044797204435,17557.681640625,0.2267688810825348,17557.455078125
111,248.47738647460938,0.014925142750144005,0.013916077092289925,0.0010090661235153675,247692.5,3.142863578936115e+16,3.142863578936115e+16,0.00032989727333188057,718.7345581054688,0.21948985755443573,718.5150756835938
112,247.7601318359375,0.014294230379164219,0.013327802531421185,0.0009664280223660171,246897.703125,3.193917210938573e+16,3.193917210938573e+16,0.0003667001728899777,11576.4775390625,0.2122633159160614,11576.265625
113,247.2057342529297,0.017279792577028275,0.01611156202852726,0.0011682319454848766,246095.8125,3.022069771219763e+16,3.022069771219763e+16,0.00040754509973339736,21569.802734375,0.2053709775209427,21569.59765625
114,246.0735321044922,0.01367006916552782,0.012745932675898075,0.0009241366060450673,245290.703125,3.1445334622208e+16,3.1445334622208e+16,0.0004510627477429807,6786.677734375,0.19785843789577484,6786.47998046875
115,245.2279052734375,0.014376290142536163,0.01340444479137659,0.0009718453511595726,244471.015625,2.9502308597366784e+16,2.9502308597366784e+16,0.0004943199455738068,857.1220092773438,0.19085122644901276,856.93115234375
116,244.5915069580078,0.015373779460787773,0.014334430918097496,0.0010393480770289898,243636.265625,2.835466541858816e+16,2.835466541858816e+16,0.0005427440628409386,15819.10546875,0.18404512107372284,15818.921875
117,243.77664184570312,0.013027169741690159,0.012146435678005219,0.0008807353442534804,242793.453125,3.10403728932864e+16,3.10403728932864e+16,0.000590992218349129,30080.0546875,0.17650775611400604,30079.87890625
118,243.1092071533203,0.016946064308285713,0.015800470486283302,0.001145593705587089,241940.109375,3.073243232809779e+16,3.073243232809779e+16,0.0006411125068552792,29103.982421875,0.16978509724140167,29103.8125
119,243.088623046875,0.03551887348294258,0.033118002116680145,0.0024008715990930796,241075.03125,3.263483869973709e+16,3.263483869973709e+16,0.0006915092235431075,20499.515625,0.16302354633808136,20499.353515625
120,244.11607360839844,0.0759296640753746,0.07079791277647018,0.005131750367581844,240217.421875,3.608370817584333e+16,3.608370817584333e+16,0.0007582821999676526,6606.51025390625,0.1560295820236206,6606.35400390625
121,244.19960021972656,0.09589917212724686,0.08941798657178879,0.006481172516942024,239361.484375,3.660135051925914e+16,3.660135051925914e+16,0.0007922471268102527,653.9266357421875,0.14986716210842133,653.7767944335938
122,240.34934997558594,0.035147376358509064,0.03277161344885826,0.0023757657036185265,238521.921875,4.437155194811187e+16,4.437155194811187e+16,0.0008552494109608233,2568.063232421875,0.1445794552564621,2567.918701171875
123,239.8941650390625,0.04234667867422104,0.03948443382978439,0.0028622497338801622,237681.765625,5.232014913857126e+16,5.232014913857126e+16,0.0009055355913005769,4271.7099609375,0.1384408324956894,4271.5712890625
124,238.645263671875,0.03423520177602768,0.03192124888300896,0.0023139535915106535,236835.015625,5.640684058548634e+16,5.640684058548634e+16,0.0009529040544293821,4207.29345703125,0.1323484629392624,4207.1611328125
125,237.52816772460938,0.028265897184610367,0.02635519951581955,0.0019106973195448518,235976.078125,6.954526580303462e+16,6.954526580303462e+16,0.0010089641436934471,6922.28076171875,0.12673620879650116,6922.15380859375
126,237.24449157714844,0.03571731224656105,0.03330296277999878,0.0024143545888364315,235108.40625,8.46838615852974e+16,8.46838615852974e+16,0.0010734533425420523,26553.166015625,0.12122054398059845,26553.044921875
127,237.83450317382812,0.03702178969979286,0.034519147127866745,0.0025026442017406225,234236.0,8.701354633592832e+16,8.701354633592832e+16,0.0011409817961975932,166038.3125,0.11646372824907303,166038.203125
128,244.00181579589844,0.04332127422094345,0.04039330407977104,0.0029279666487127542,233361.03125,1.0879500912112435e+17,1.0879500912112435e+17,0.001204341766424477,836592.6875,0.11044050008058548,836592.5625
129,250.18038940429688,0.03126731142401695,0.029153427109122276,0.002113884314894676,232483.4375,1.0405678402030797e+17,1.0405678402030797e+17,0.0012545734643936157,1602953.0,0.10658612847328186,1602952.875
130,236.9848175048828,0.06446819007396698,0.06011079251766205,0.004357398021966219,231650.25,9.292617870422835e+16,9.292617870422835e+16,0.0013214631471782923,201822.578125,0.10054012387990952,201822.484375
131,239.55734252929688,0.06016271561384201,0.05609636381268501,0.00406635832041502,230820.53125,2.6962200084506214e+17,2.6962200084506214e+17,0.001390135963447392,545904.9375,0.09472237527370453,545904.8125
132,235.48345947265625,0.04526679217815399,0.042207129299640656,0.0030596561264246702,230018.0625,5.4817832393978675e+17,5.4817832393978675e+17,0.001442900043912232,265387.90625,0.09232423454523087,265387.8125
133,234.16754150390625,0.04319462925195694,0.04027484357357025,0.0029197819530963898,229204.9375,3.93348601209684e+17,3.93348601209684e+17,0.0014779793564230204,240952.890625,0.08937463164329529,240952.796875
134,232.25660705566406,0.051300354301929474,0.04783240333199501,0.003467956557869911,228368.203125,6.110946126641234e+17,6.110946126641234e+17,0.0015307161957025528,71228.671875,0.08587686717510223,71228.5859375
135,231.287841796875,0.04929244890809059,0.04595990478992462,0.0033325431868433952,227541.390625,4.6604940954986086e+17,4.6604940954986086e+17,0.0015920918667688966,81577.453125,0.08221254497766495,81577.3671875
136,231.10255432128906,0.03968454524874687,0.03700168430805206,0.002682853490114212,226749.75,5.549314556381102e+17,5.549314556381102e+17,0.0016597254434600472,181363.8125,0.07748716324567795,181363.734375
137,232.87725830078125,0.03846712037920952,0.03586713224649429,0.0025999913923442364,225955.078125,3.381479291748352e+17,3.381479291748352e+17,0.0017353394068777561,466066.15625,0.07373765856027603,466066.09375
138,236.39610290527344,0.05240507423877716,0.04886340722441673,0.0035416712053120136,225123.875,4.41318816060801e+17,4.41318816060801e+17,0.0018063073512166739,821064.5625,0.07043252885341644,821064.5
139,227.5299072265625,0.05284330993890762,0.04927169159054756,0.003571621375158429,224274.265625,3.071527651073065e+17,3.071527651073065e+17,0.0018675420433282852,30630.119140625,0.06625670194625854,30630.052734375
140,233.70449829101562,0.04876559600234032,0.04546887055039406,0.0032967249862849712,223394.0625,3.750379186762547e+17,3.750379186762547e+17,0.0019356142729520798,749711.6875,0.06357156485319138,749711.625
141,225.9327392578125,0.054893165826797485,0.0511818490922451,0.0037113232538104057,222514.515625,3.244637510529188e+17,3.244637510529188e+17,0.0020009661093354225,34908.6953125,0.060320667922496796,34908.63671875
142,228.19786071777344,0.058068662881851196,0.05414319783449173,0.0039254589937627316,221675.453125,3.4879017093955584e+17,3.4879017093955584e+17,0.002074862364679575,327018.15625,0.0563989020884037,327018.09375
143,226.16860961914062,0.047532327473163605,0.044319216161966324,0.0032131073530763388,220854.375,2.78266636140544e+17,2.78266636140544e+17,0.002163143828511238,265934.40625,0.05277775228023529,265934.34375
144,223.52171325683594,0.06421360373497009,0.059873562306165695,0.004340044688433409,220022.296875,2.7720756592482714e+17,2.7720756592482714e+17,0.0022669341415166855,1152.1771240234375,0.049286965280771255,1152.1278076171875
145,223.585205078125,0.06213556230068207,0.05793610215187073,0.00419946014881134,219164.890625,2.8653077169333862e+17,2.8653077169333862e+17,0.0023639975115656853,102698.5625,0.04437163844704628,102698.515625
146,220.8516082763672,0.03901395574212074,0.0363769568502903,0.002636995632201433,218257.96875,2.370188353816494e+17,2.370188353816494e+17,0.0024640324991196394,40591.1875,0.041391629725694656,40591.14453125
147,220.8119354248047,0.06406422704458237,0.05973383039236069,0.004330397117882967,217340.296875,2.1870239759204352e+17,2.1870239759204352e+17,0.002565365517511964,4971.26953125,0.03921927511692047,4971.23046875
148,219.2008819580078,0.044926732778549194,0.0418897345662117,0.0030370017047971487,216438.09375,2.2676259091775488e+17,2.2676259091775488e+17,0.0026464988477528095,28967.966796875,0.035991769284009933,28967.931640625
149,217.7056121826172,0.03896701708436012,0.036332812160253525,0.002634211676195264,215522.640625,2.1158981149078323e+17,2.1158981149078323e+17,0.002741214819252491,2303.17724609375,0.03301418945193291,2303.144287109375
150,217.51600646972656,0.053658343851566315,0.05003112554550171,0.0036272164434194565,214591.59375,1.955483491583918e+17,1.955483491583918e+17,0.002857825020328164,4593.6904296875,0.030592206865549088,4593.65966796875
151,215.82737731933594,0.038680549710989,0.036065515130758286,0.002615041332319379,213667.59375,1.936647998406656e+17,1.936647998406656e+17,0.0029708032961934805,3208.993408203125,0.027682291343808174,3208.9658203125
152,214.63743591308594,0.0344679020345211,0.03213787451386452,0.0023300263565033674,212729.859375,1.781191485329244e+17,1.781191485329244e+17,0.0031031041871756315,605.53515625,0.024933718144893646,605.5101928710938
153,215.11341857910156,0.0626603215932846,0.058425456285476685,0.0042348685674369335,211777.703125,1.672597875814564e+17,1.672597875814564e+17,0.0032439285423606634,3543.42431640625,0.023098986595869064,3543.401123046875
154,214.67764282226562,0.06744518876075745,0.06288667768239975,0.00455850875005126,210833.9375,1.609730206120018e+17,1.609730206120018e+17,0.0033522723242640495,31045.853515625,0.021136518567800522,31045.83203125
155,218.44772338867188,0.14515087008476257,0.1353411227464676,0.009809755720198154,209875.71875,1.793208975622144e+17,1.793208975622144e+17,0.003449240932241082,113512.9765625,0.019621381536126137,113512.953125
156,217.60464477539062,0.1365731656551361,0.12734244763851166,0.009230716153979301,208906.421875,1.565867938508964e+17,1.565867938508964e+17,0.0035670811776071787,171296.671875,0.018304109573364258,171296.65625
157,210.9539337158203,0.02757110446691513,0.025706687942147255,0.0018644171068444848,207962.703125,1.5250520053016166e+17,1.5250520053016166e+17,0.0036568737123161554,146016.171875,0.017712857574224472,146016.15625
158,213.28001403808594,0.10354574769735336,0.09654703736305237,0.006998710334300995,207012.28125,1.3102082063282995e+17,1.3102082063282995e+17,0.0037575257010757923,95939.1953125,0.017145738005638123,95939.1796875
159,211.53759765625,0.06386098265647888,0.05954422429203987,0.004316758830100298,206071.5,1.4808138421528166e+17,1.4808138421528166e+17,0.0038863306399434805,212495.59375,0.01666814088821411,212495.578125
160,209.34747314453125,0.045279864221811295,0.04221947118639946,0.0030603923369199038,205111.671875,1.3941084167707034e+17,1.3941084167707034e+17,0.004008001182228327,183239.9375,0.015871375799179077,183239.921875
161,206.85348510742188,0.049898840487003326,0.04652625322341919,0.003372585168108344,204166.390625,1.3389600917972582e+17,1.3389600917972582e+17,0.00410540821030736,5824.17626953125,0.015739336609840393,5824.16064453125
162,206.712158203125,0.05726902186870575,0.0533980131149292,0.0038710120134055614,203206.25,1.409765032853504e+17,1.409765032853504e+17,0.0041993046179413795,50148.21484375,0.01617377996444702,50148.19921875
163,204.80128479003906,0.04611603543162346,0.04299874231219292,0.0031172940507531166,202198.328125,1.3561904697966592e+17,1.3561904697966592e+17,0.004314651247113943,16153.5546875,0.016794657334685326,16153.5380859375
164,204.46583557128906,0.05263030156493187,0.049073003232479095,0.0035573001950979233,201163.4375,1.3948804800918323e+17,1.3948804800918323e+17,0.004428124520927668,53139.0546875,0.01744256541132927,53139.0390625
165,202.94923400878906,0.046903617680072784,0.043732739984989166,0.0031708807218819857,200147.859375,1.3584589856230605e+17,1.3584589856230605e+17,0.004537755157798529,32033.193359375,0.018466390669345856,32033.17578125
166,202.31784057617188,0.05650587007403374,0.052685998380184174,0.003819869365543127,199164.171875,1.4252684904025293e+17,1.4252684904025293e+17,0.0046250843442976475,18583.814453125,0.01951039396226406,18583.794921875
167,201.41082763671875,0.054722465574741364,0.051023148000240326,0.003699315944686532,198156.9375,1.289648799177769e+17,1.289648799177769e+17,0.004752097651362419,38877.9375,0.021112004294991493,38877.91796875
168,199.3937225341797,0.043320171535015106,0.040392469614744186,0.002927701221778989,197104.015625,1.231713899422679e+17,1.231713899422679e+17,0.004885773174464703,52.13233184814453,0.022826993837952614,52.10950469970703
169,198.72694396972656,0.04317973554134369,0.04026126116514206,0.00291847693733871,196041.25,1.2057450668621824e+17,1.2057450668621824e+17,0.005018360912799835,40612.39453125,0.02489861100912094,40612.37109375
170,196.80191040039062,0.0285902488976717,0.02665722370147705,0.0019330262439325452,194993.734375,1.1076337545301197e+17,1.1076337545301197e+17,0.005119072739034891,26788.287109375,0.02732893079519272,26788.259765625
171,196.01280212402344,0.03876836225390434,0.036147378385066986,0.0026209834031760693,193957.609375,1.0714769159461274e+17,1.0714769159461274e+17,0.005217965226620436,963.1710815429688,0.030147865414619446,963.1409301757812
172,194.89248657226562,0.03405805677175522,0.031755704432725906,0.0023023495450615883,192870.859375,1.017504638917673e+17,1.017504638917673e+17,0.0053451103158295155,21698.19140625,0.0333162397146225,21698.158203125
173,194.1285858154297,0.04472260922193527,0.04169969633221626,0.0030229128897190094,191759.8125,9.580620338429952e+16,9.580620338429952e+16,0.005458417348563671,3682.0126953125,0.03675340861082077,3681.975830078125
174,192.4604034423828,0.03272213041782379,0.030509525910019875,0.002212609862908721,190645.546875,8.771704479914394e+16,8.771704479914394e+16,0.005599652417004108,9101.3291015625,0.04048457369208336,9101.2890625
175,191.61788940429688,0.03542109578847885,0.03302620351314545,0.002394889947026968,189566.140625,8.630616522227712e+16,8.630616522227712e+16,0.005715746432542801,19438.79296875,0.0447361133992672,19438.748046875
176,189.606689453125,0.020260758697986603,0.018890954554080963,0.0013698043767362833,188478.578125,7.94542149164073e+16,7.94542149164073e+16,0.005836269352585077,3561.548095703125,0.049429502338171005,3561.498779296875
177,189.00259399414062,0.030800919979810715,0.028719114139676094,0.0020818051416426897,187365.15625,7.376259297522483e+16,7.376259297522483e+16,0.005959572270512581,2363.34228515625,0.05447814613580704,2363.287841796875
178,187.62831115722656,0.025674114003777504,0.02393866516649723,0.0017354500014334917,186217.390625,7.230715740762931e+16,7.230715740762931e+16,0.006084691267460585,5489.5634765625,0.05984657257795334,5489.50341796875
179,187.48965454101562,0.047913916409015656,0.044674571603536606,0.0032393422443419695,185024.515625,6.501078106583859e+16,6.501078106583859e+16,0.006217673420906067,442.1199035644531,0.06549910455942154,442.0544128417969
180,186.94796752929688,0.05912729725241661,0.055130407214164734,0.00399689469486475,183858.015625,6.401085254978765e+16,6.401085254978765e+16,0.006319211330264807,6957.82763671875,0.07202526926994324,6957.75537109375
181,187.38189697265625,0.08358640968799591,0.0779363289475441,0.005650067701935768,182710.3125,5.866004485347738e+16,5.866004485347738e+16,0.006436094641685486,43358.8671875,0.07856038212776184,43358.7890625
182,188.43548583984375,0.1165134385228157,0.10863905400037766,0.007874377071857452,181583.46875,6.801956886544384e+16,6.801956886544384e+16,0.006549064535647631,95832.0234375,0.08570584654808044,95831.9375
183,192.73097229003906,0.21017983555793762,0.19597414135932922,0.014205696992576122,180421.859375,5.686327964493414e+16,5.686327964493414e+16,0.006643920671194792,174324.3125,0.09214047342538834,174324.21875
184,190.87010192871094,0.21341457962989807,0.19899064302444458,0.014423934742808342,179243.96875,6.537979606597632e+16,6.537979606597632e+16,0.0067550912499427795,89001.34375,0.09935272485017776,89001.2421875
185,184.43243408203125,0.12023225426673889,0.11210563778877258,0.008126613683998585,178164.109375,6.006272104280883e+16,6.006272104280883e+16,0.006820285692811012,19663.8984375,0.10664921253919601,19663.791015625
186,186.97010803222656,0.1464252769947052,0.13652756810188293,0.009897692129015923,177118.84375,5.384609518426522e+16,5.384609518426522e+16,0.006923362612724304,247614.359375,0.11279222369194031,247614.25
187,181.26466369628906,0.06935803592205048,0.06466969847679138,0.004688344430178404,176052.078125,7.995861587564954e+16,7.995861587564954e+16,0.014471727423369884,166471.609375,0.12091011554002762,166471.484375
188,180.8946533203125,0.11702634394168854,0.1091168224811554,0.007909510284662247,174984.25,5.733597945056461e+16,5.733597945056461e+16,0.06526479870080948,174.43661499023438,0.12953704595565796,174.3070831298828
189,179.1995086669922,0.09259254485368729,0.08633427321910858,0.006258262321352959,173913.859375,4.62811717173248e+16,4.62811717173248e+16,0.14107844233512878,60973.5859375,0.1372314989566803,60973.44921875
190,179.1850128173828,0.12040729820728302,0.11226946115493774,0.008137840777635574,172845.390625,5.287388209217536e+16,5.287388209217536e+16,0.3686688542366028,26636.572265625,0.14637702703475952,26636.42578125
191,174.5765838623047,0.05448204278945923,0.05079922452569008,0.003682814771309495,171791.046875,5.325096304089498e+16,5.325096304089498e+16,0.6169680953025818,816.1261596679688,0.15529708564281464,815.9708862304688
192,176.27789306640625,0.10982188582420349,0.10239829868078232,0.007423583883792162,170693.1875,5.873516383148442e+16,5.873516383148442e+16,0.8458210229873657,3488.41943359375,0.16540856659412384,3488.25390625
193,173.13839721679688,0.0659438893198967,0.061485130339860916,0.0044587645679712296,169604.296875,6.783437846557491e+16,6.783437846557491e+16,0.9226845502853394,16905.947265625,0.17614604532718658,16905.771484375
194,172.09017944335938,0.06642162799835205,0.06193169951438904,0.004489933606237173,168534.921875,6.338736932729651e+16,6.338736932729651e+16,0.9313247799873352,17079.81640625,0.18627144396305084,17079.630859375
195,170.6312255859375,0.06194603815674782,0.05775968357920647,0.0041863578371703625,167447.46875,7.306084685866598e+16,7.306084685866598e+16,0.938464343547821,1338.102294921875,0.19812645018100739,1337.9041748046875
196,170.09759521484375,0.06879045069217682,0.06414089351892471,0.004649546928703785,166356.859375,8.39433147341865e+16,8.39433147341865e+16,0.9442657232284546,21725.046875,0.21170392632484436,21724.8359375
197,167.75765991210938,0.0471523180603981,0.04396440088748932,0.0031879153102636337,165244.296875,7.443595794789171e+16,7.443595794789171e+16,0.9506170749664307,8129.1943359375,0.22429567575454712,8128.97021484375
198,166.6845245361328,0.049571357667446136,0.0462200827896595,0.0033512755762785673,164124.9375,7.705071685782733e+16,7.705071685782733e+16,0.956755518913269,397.46319580078125,0.23663672804832458,397.2265625
199,165.50328063964844,0.04844564199447632,0.045170966535806656,0.003274675691500306,162985.859375,8.27152633251758e+16,8.27152633251758e+16,0.9620664119720459,1239.8101806640625,0.2503131926059723,1239.559814453125
200,164.11959838867188,0.044092368334531784,0.04111119732260704,0.0029811658896505833,161826.703125,8.260282967130112e+16,8.260282967130112e+16,0.96686190366745,568.1000366210938,0.2658880650997162,567.8341674804688
201,163.21266174316406,0.0484950989484787,0.04521588236093521,0.0032792179845273495,160703.890625,8.060662336140083e+16,8.060662336140083e+16,0.9719626307487488,338.8750915527344,0.2827586233615875,338.59234619140625
202,161.01136779785156,0.02401498705148697,0.022391686215996742,0.0016233031637966633,159554.875,8.697548433575117e+16,8.697548433575117e+16,0.9772368669509888,16876.25,0.29818591475486755,16875.951171875
203,163.02513122558594,0.05497332289814949,0.05125923827290535,0.0037140820641070604,158367.8125,7.871631376515072e+16,7.871631376515072e+16,0.980964183807373,182992.234375,0.31537675857543945,182991.921875
204,170.31298828125,0.03995618596673012,0.03725482150912285,0.002701365388929844,157159.375,3.130896125012214e+17,3.130896125012214e+17,0.9840291142463684,1084271.25,0.3314417004585266,1084270.875
205,185.950439453125,0.179962158203125,0.16779710352420807,0.012165050022304058,156009.8125,3.428222623421563e+17,3.428222623421563e+17,0.9849312901496887,2059968.75,0.3493625223636627,2059968.375
206,199.29833984375,0.37306931614875793,0.34785231947898865,0.025217000395059586,154980.421875,8.698914061376553e+17,8.698914061376553e+17,0.9853255748748779,2479458.0,0.3508722484111786,2479457.75
207,226.01075744628906,0.4971201419830322,0.46351635456085205,0.033603791147470474,154250.796875,2.107893670257623e+18,2.107893670257623e+18,0.9810196161270142,4479605.5,0.35471925139427185,4479605.0
208,228.43814086914062,0.5222841501235962,0.4869837760925293,0.03530038520693779,153826.203125,1.023593785851904e+18,1.023593785851904e+18,0.9809640049934387,4747412.0,0.3498375117778778,4747411.5
209,249.43978881835938,1.2951006889343262,1.2075717449188232,0.08752903342247009,153681.671875,7.566676844389335e+17,7.566676844389335e+17,0.9798277616500854,3024639.5,0.3436276614665985,3024639.25
210,256.2264404296875,1.4491770267486572,1.3512365818023682,0.0979403704404831,153788.5625,1.995465994977411e+18,1.995465994977411e+18,0.9788168668746948,2798352.75,0.3304252028465271,2798352.5
211,242.9263916015625,1.3688440322875977,1.2763335704803467,0.09251043200492859,154048.46875,1.7269873831460209e+18,1.7269873831460209e+18,0.974003255367279,1870872.75,0.32243138551712036,1870872.375
212,240.2942657470703,1.574826717376709,1.4683914184570312,0.10643535107374191,154584.171875,1.7291321180149514e+18,1.7291321180149514e+18,0.9731300473213196,523962.03125,0.30711400508880615,523961.71875
213,246.73385620117188,1.7956535816192627,1.6742939949035645,0.12135953456163406,155142.1875,1.297904207357018e+18,1.297904207357018e+18,0.97170490026474,51109.765625,0.29543912410736084,51109.46875
214,175.72000122070312,0.3219888210296631,0.3002270460128784,0.021761808544397354,155818.640625,1.9277850069738455e+18,1.9277850069738455e+18,0.9729977250099182,187413.46875,0.2972576320171356,187413.171875
215,191.146728515625,0.6071972846984863,0.5661618113517761,0.041035428643226624,156507.9375,2.2953393746335498e+18,2.2953393746335498e+18,0.970726728439331,198358.03125,0.29593905806541443,198357.734375
216,172.43673706054688,0.2739913761615753,0.2554735839366913,0.018517794087529182,157139.9375,1.5208006405136056e+18,1.5208006405136056e+18,0.9697802662849426,7643.84619140625,0.2859330177307129,7643.56005859375
217,178.39437866210938,0.38334280252456665,0.35743212699890137,0.025910668075084686,157612.125,1.1781818221823263e+18,1.1781818221823263e+18,0.9698205590248108,43691.515625,0.2786219120025635,43691.23828125
218,172.85205078125,0.27356240153312683,0.2550714612007141,0.018490932881832123,157824.640625,1.2098808798500618e+18,1.2098808798500618e+18,0.9704046249389648,13940.6318359375,0.27787598967552185,13940.353515625
219,174.80284118652344,0.31167733669281006,0.2906115651130676,0.021065762266516685,157977.203125,1.2380491308031017e+18,1.2380491308031017e+18,0.9701364040374756,371.81329345703125,0.2804335355758667,371.5328674316406
220,174.22567749023438,0.29732710123062134,0.2772318124771118,0.020095285028219223,158234.65625,1.1006941525316731e+18,1.1006941525316731e+18,0.970638632774353,2397.6044921875,0.28321000933647156,2397.3212890625
221,202.46022033691406,0.8443275690078735,0.7872660160064697,0.05706155300140381,158521.9375,9.412209173195653e+17,9.412209173195653e+17,0.9722340106964111,78067.8515625,0.2860836684703827,78067.5625
222,273.8667297363281,2.0782408714294434,1.9377890825271606,0.1404518485069275,158660.625,9.865471846630031e+17,9.865471846630031e+17,0.971779465675354,1030753.9375,0.28727999329566956,1030753.625
223,238.65805053710938,0.876465916633606,0.8172303438186646,0.05923550948500633,158704.15625,1.0837280696397988e+18,1.0837280696397988e+18,0.9733695983886719,3504685.5,0.2880476117134094,3504685.25
224,204.38702392578125,0.5331497192382812,0.4971160292625427,0.03603370487689972,158794.703125,7.70934672443048e+17,7.70934672443048e+17,0.9742716550827026,1816389.5,0.2876667380332947,1816389.25
225,178.42718505859375,0.3406028747558594,0.31758368015289307,0.02301918901503086,158877.109375,5.5575004204498944e+17,5.5575004204498944e+17,0.9746716022491455,196417.15625,0.2889290750026703,196416.875
226,192.6804962158203,0.4344700276851654,0.4051075577735901,0.029362518340349197,158891.578125,5.34863478645588e+17,5.34863478645588e+17,0.9751172065734863,1153054.875,0.29176822304725647,1153054.625
227,165.29212951660156,0.1193566545844078,0.11128935217857361,0.008067311719059944,158834.71875,4.857489814276014e+17,4.857489814276014e+17,0.9753881692886353,381.6835021972656,0.29492509365081787,381.3885803222656
228,186.60968017578125,0.39584749937057495,0.36909380555152893,0.026753703132271767,158718.03125,6.300834533537219e+17,6.300834533537219e+17,0.9757447838783264,746919.25,0.29638710618019104,746918.9375
229,165.62403869628906,0.12790894508361816,0.11926311999559402,0.008645851165056229,158537.984375,6.752529028512481e+17,6.752529028512481e+17,0.9760379195213318,1535.7371826171875,0.2973047196865082,1535.4398193359375
230,180.6407928466797,0.3221002519130707,0.3003309667110443,0.021769285202026367,158282.3125,7.34526612631978e+17,7.34526612631978e+17,0.9769209027290344,551893.5,0.30117928981781006,551893.1875
231,166.79296875,0.16430936753749847,0.15320418775081635,0.011105182580649853,157941.234375,6.342470290102026e+17,6.342470290102026e+17,0.9784807562828064,201.580810546875,0.30846863985061646,201.2723388671875
232,168.78269958496094,0.1674620509147644,0.15614351630210876,0.011318528093397617,157486.4375,5.867765078341714e+17,5.867765078341714e+17,0.9805250763893127,233636.171875,0.31662845611572266,233635.859375
233,166.2997589111328,0.1717795580625534,0.1601690649986267,0.011610474437475204,156997.328125,5.0557956698773914e+17,5.0557956698773914e+17,0.982225239276886,20787.48046875,0.3235090970993042,20787.15625
234,163.57533264160156,0.09920366108417511,0.09249818325042725,0.0067054699175059795,156507.8125,4.9680869401349325e+17,4.9680869401349325e+17,0.9836810827255249,161051.9375,0.3298187851905823,161051.609375
235,162.02481079101562,0.10976458340883255,0.10234560817480087,0.007418978027999401,155943.75,4.031637697121485e+17,4.031637697121485e+17,0.9854008555412292,18965.46875,0.33790576457977295,18965.130859375
236,162.84739685058594,0.11903133243322372,0.11098625510931015,0.008045075461268425,155271.015625,3.9310433782962586e+17,3.9310433782962586e+17,0.9872860312461853,123170.1796875,0.3490320146083832,123169.828125
237,158.81912231445312,0.07705685496330261,0.07184896618127823,0.005207892507314682,154524.90625,3.599706923655496e+17,3.599706923655496e+17,0.9888726472854614,8139.0107421875,0.36226800084114075,8138.6484375
238,159.6646728515625,0.08732393383979797,0.08142253011465073,0.005901397671550512,153731.28125,3.201656226609889e+17,3.201656226609889e+17,0.9899565577507019,124702.8125,0.3753640353679657,124702.4375
239,157.81515502929688,0.0925588607788086,0.08630324900150299,0.00625560013577342,152873.703125,3.1084434103782605e+17,3.1084434103782605e+17,0.990803062915802,266.8471374511719,0.3873271346092224,266.4598083496094
240,156.0054931640625,0.056222423911094666,0.052421778440475464,0.0038006529211997986,151963.3125,3.502753019110359e+17,3.502753019110359e+17,0.9915544986724854,88076.375,0.39919084310531616,88075.9765625
241,154.64170837402344,0.06636051833629608,0.06187427416443825,0.004486240446567535,151037.78125,2.8112297837094502e+17,2.8112297837094502e+17,0.9921590089797974,476.263671875,0.41300278902053833,475.8506774902344
242,154.84524536132812,0.07802576571702957,0.07275105267763138,0.005274699069559574,150101.828125,2.1986030359517594e+17,2.1986030359517594e+17,0.9926174879074097,62224.95703125,0.4292902946472168,62224.52734375
243,151.96617126464844,0.05242805927991867,0.0488835945725441,0.0035444649402052164,149115.703125,2.2458002597688115e+17,2.2458002597688115e+17,0.9928690195083618,448.2853088378906,0.44661006331443787,447.83868408203125
244,151.54127502441406,0.05824199318885803,0.054305143654346466,0.003936851862818003,148072.578125,2.424982687585403e+17,2.424982687585403e+17,0.9927143454551697,31410.94140625,0.46368783712387085,31410.478515625
245,150.44032287597656,0.06339237838983536,0.0591074638068676,0.004284915514290333,147035.109375,2.0580586493260595e+17,2.0580586493260595e+17,0.99210125207901,2978.430419921875,0.48128360509872437,2977.94921875
246,148.4669952392578,0.04068010672926903,0.037930164486169815,0.0027499438729137182,146031.59375,1.7142027086148403e+17,1.7142027086148403e+17,0.9911866784095764,22996.009765625,0.5007238388061523,22995.509765625
247,148.54444885253906,0.06488855928182602,0.060503117740154266,0.004385438282042742,145011.6875,1.6911816839082803e+17,1.6911816839082803e+17,0.9900137186050415,11921.09375,0.5214437246322632,11920.572265625
248,145.9925537109375,0.03616032004356384,0.03371647372841835,0.0024438488762825727,143922.59375,1.8246441848589517e+17,1.8246441848589517e+17,0.9886588454246521,7946.07763671875,0.5417072176933289,7945.5361328125
249,145.50108337402344,0.04846799001097679,0.04519170895218849,0.003276284085586667,142784.640625,1.7408851070418944e+17,1.7408851070418944e+17,0.9870514273643494,11893.5546875,0.5617079138755798,11892.9931640625
250,144.15126037597656,0.046348195523023605,0.043214619159698486,0.0031335775274783373,141658.140625,1.45740283441578e+17,1.45740283441578e+17,0.9850333333015442,2996.472412109375,0.5829372406005859,2995.889404296875
251,142.67283630371094,0.03766870126128197,0.0351211354136467,0.002547565381973982,140565.453125,1.3046288720121037e+17,1.3046288720121037e+17,0.9825209975242615,9347.1669921875,0.6053913831710815,9346.5615234375
252,141.7621612548828,0.04260662570595741,0.039725109934806824,0.0028815108817070723,139494.4375,1.314055895730094e+17,1.314055895730094e+17,0.9794026613235474,597.42236328125,0.6282961964607239,596.7940673828125
253,140.43287658691406,0.036479849368333817,0.034013524651527405,0.002466323086991906,138446.9375,1.317324451741696e+17,1.317324451741696e+17,0.9755908250808716,3021.678466796875,0.6524550914764404,3021.026123046875
254,138.9393768310547,0.027948621660470963,0.026060083881020546,0.0018885410390794277,137415.359375,1.2031187802600243e+17,1.2031187802600243e+17,0.9714725017547607,626.638427734375,0.6785281896591187,625.9598999023438
255,138.4918975830078,0.039883509278297424,0.037188369780778885,0.002695136470720172,136361.21875,1.1139249367259546e+17,1.1139249367259546e+17,0.9672545194625854,2511.60546875,0.7042905688285828,2510.901123046875
256,136.4875946044922,0.022192442789673805,0.020692128688097,0.0015003185253590345,135266.125,1.0992747173799526e+17,1.0992747173799526e+17,0.9627761244773865,191.82080078125,0.7279900312423706,191.09280395507812
257,135.73501586914062,0.029184987768530846,0.02721114084124565,0.0019738483242690563,134160.078125,1.018388285489152e+17,1.018388285489152e+17,0.9582133889198303,1385.5262451171875,0.7519188523292542,1384.7742919921875
258,134.64154052734375,0.029470358043909073,0.027476901188492775,0.0019934598822146654,133074.71875,8.985496784994304e+16,8.985496784994304e+16,0.9532530903816223,344.5960388183594,0.77889484167099,343.817138671875
259,133.20050048828125,0.021401619538664818,0.019954070448875427,0.0014475442003458738,132012.46875,8.683460081850778e+16,8.683460081850778e+16,0.9470967650413513,3110.060546875,0.8073936700820923,3109.253173828125
260,132.3385009765625,0.025768620893359184,0.02402651309967041,0.0017421103548258543,130959.4921875,8.965535494989414e+16,8.965535494989414e+16,0.9402055740356445,89.92230987548828,0.8352564573287964,89.08705139160156
261,130.99661254882812,0.01954047381877899,0.01821962371468544,0.0013208482414484024,129900.8359375,8.749670438692454e+16,8.749670438692454e+16,0.9334630370140076,3124.25341796875,0.8633731007575989,3123.39013671875
262,130.0280303955078,0.022538451477885246,0.021015217527747154,0.0015232365112751722,128822.59375,7.756258247023002e+16,7.756258247023002e+16,0.9264812469482422,95.26290130615234,0.8923035264015198,94.37059783935547
263,128.79495239257812,0.019482901319861412,0.018165510147809982,0.0013173894258216023,127726.1328125,7.104778709709619e+16,7.104778709709619e+16,0.9190486669540405,2361.470947265625,0.9209692478179932,2360.550048828125
264,127.57006072998047,0.01746409200131893,0.01628265716135502,0.00118143274448812,126627.265625,6.873614550407578e+16,6.873614550407578e+16,0.9116116166114807,84.84386444091797,0.9507049322128296,83.89315795898438
265,126.70767974853516,0.021829362958669662,0.020353203639388084,0.0014761562924832106,125544.0859375,6.590491165248717e+16,6.590491165248717e+16,0.9039674401283264,622.0787963867188,0.981648325920105,621.09716796875
266,125.41897583007812,0.017369333654642105,0.016194406896829605,0.0011749268742278218,124484.5078125,6.264900431957197e+16,6.264900431957197e+16,0.8958042860031128,334.2591247558594,1.0114185810089111,333.2477111816406
267,124.34732055664062,0.017183072865009308,0.01602100022137165,0.0011620718287304044,123420.6953125,5.901144189776691e+16,5.901144189776691e+16,0.886818528175354,845.3423461914062,1.0437151193618774,844.2986450195312
268,123.1740951538086,0.015850935131311417,0.01477897074073553,0.0010719646234065294,122318.9765625,5.744388191394202e+16,5.744388191394202e+16,0.8774740099906921,512.2263793945312,1.0768909454345703,511.1495056152344
269,122.0277099609375,0.015355789102613926,0.01431752648204565,0.001038262853398919,121200.09375,5.80619405927383e+16,5.80619405927383e+16,0.8674147725105286,176.1558837890625,1.1096923351287842,175.0461883544922
270,121.00223541259766,0.016885846853256226,0.01574428379535675,0.001141563174314797,120098.4609375,5.634881987228467e+16,5.634881987228467e+16,0.8576362133026123,313.1086730957031,1.1439259052276611,311.9647521972656
271,119.94029998779297,0.017441993579268456,0.01626223511993885,0.0011797570623457432,119013.875,5.263048200054374e+16,5.263048200054374e+16,0.8487037420272827,169.15167236328125,1.1776865720748901,167.97398376464844
272,118.91194152832031,0.018688935786485672,0.017425181344151497,0.0012637540930882096,117915.703125,5.141369629075046e+16,5.141369629075046e+16,0.8387578129768372,1036.5858154296875,1.2123007774353027,1035.37353515625
273,117.6236801147461,0.015368218533694744,0.014328496530652046,0.0010397211881354451,116797.5546875,5.143854267655782e+16,5.143854267655782e+16,0.8282901644706726,626.9899291992188,1.2478147745132446,625.7421264648438
274,116.51345825195312,0.01566930301487446,0.014609361998736858,0.0010599411325529218,115676.0,5.084032674666906e+16,5.084032674666906e+16,0.8171026706695557,314.8240661621094,1.2850338220596313,313.5390319824219
275,115.2793960571289,0.012799874879419804,0.011934047564864159,0.0008658274891786277,114578.9296875,4.976280105648128e+16,4.976280105648128e+16,0.8056536912918091,1070.56787109375,1.3224550485610962,1069.245361328125
276,114.25560760498047,0.014345992356538773,0.013375929556787014,0.0009700628579594195,113489.109375,4.866171747067494e+16,4.866171747067494e+16,0.794460117816925,53.663055419921875,1.360575556755066,52.3024787902832
277,113.16275024414062,0.014315079897642136,0.013347215950489044,0.0009678662172518671,112388.0,4.83579000740905e+16,4.83579000740905e+16,0.7830948829650879,1063.5654296875,1.399124264717102,1062.166259765625
278,112.19004821777344,0.017264120280742645,0.01609642244875431,0.0011676979484036565,111276.7890625,4.7468515426304e+16,4.7468515426304e+16,0.771710991859436,257.7576599121094,1.4383645057678223,256.3193054199219
279,111.2153549194336,0.02017025463283062,0.01880629174411297,0.0013639637036249042,110156.2578125,4.648921134320845e+16,4.648921134320845e+16,0.7600370049476624,409.19921875,1.478655219078064,407.7205505371094
280,110.46304321289062,0.02723526582121849,0.025393033400177956,0.0018422305583953857,109049.015625,4.663030531384934e+16,4.663030531384934e+16,0.7482376098632812,563.0242309570312,1.519240140914917,561.5050048828125
281,109.8049545288086,0.03647231310606003,0.034007128328084946,0.002465185010805726,107934.9296875,4.567347679461376e+16,4.567347679461376e+16,0.7351357936859131,72.36009216308594,1.561651349067688,70.7984390258789
282,109.75159454345703,0.057204559445381165,0.05333739519119263,0.003867172636091709,106839.203125,4.594653363542426e+16,4.594653363542426e+16,0.7228919267654419,621.4057006835938,1.6042307615280151,619.8014526367188
283,110.07221984863281,0.08589174598455429,0.08008721470832825,0.00580453360453248,105722.3125,4.512198151897088e+16,4.512198151897088e+16,0.7100155353546143,1019.1199340820312,1.6485520601272583,1017.4713745117188
284,110.29739379882812,0.11240848898887634,0.10480981320142746,0.007598678581416607,104618.7890625,4.608418304229376e+16,4.608418304229376e+16,0.6981684565544128,1209.1317138671875,1.6909205913543701,1207.4407958984375
285,108.05176544189453,0.08978892862796783,0.08372041583061218,0.006068508606404066,103516.2890625,4.553854180707533e+16,4.553854180707533e+16,0.685215413570404,48.1129150390625,1.7344110012054443,46.37850570678711
286,104.26426696777344,0.03556130453944206,0.033156443387269974,0.002404860919341445,102438.0390625,4.786051279644262e+16,4.786051279644262e+16,0.6725949048995972,29.84857177734375,1.7803359031677246,28.068235397338867
287,104.51643371582031,0.0616891123354435,0.05751873925328255,0.0041703651659190655,101380.2578125,5.115388512908083e+16,5.115388512908083e+16,0.6589358448982239,55.339664459228516,1.8236967325210571,53.515968322753906
288,110.95741271972656,0.2127590924501419,0.19838117063045502,0.014377945102751255,100258.3125,4.866317346458829e+16,4.866317346458829e+16,0.6465358138084412,1248.02734375,1.8773243427276611,1246.1500244140625
289,124.7879409790039,0.5078681111335754,0.4735430181026459,0.034325070679187775,99267.765625,5.931863513864602e+16,5.931863513864602e+16,0.630534827709198,6744.73291015625,1.9089994430541992,6742.82373046875
290,142.2716827392578,0.8769264221191406,0.8176612854003906,0.05926520749926567,98155.921875,5.876050843349811e+16,5.876050843349811e+16,0.625256359577179,21065.673828125,1.9673715829849243,21063.70703125
291,118.78279876708984,0.4200986623764038,0.39170634746551514,0.028392314910888672,97331.03125,6.508116269491814e+16,6.508116269491814e+16,0.6109274625778198,38175.203125,1.9900963306427002,38173.21484375
292,106.92742919921875,0.20595422387123108,0.19203148782253265,0.01392274908721447,96428.2109375,7.373323257878938e+16,7.373323257878938e+16,0.6024225950241089,12776.7294921875,2.032471179962158,12774.697265625
293,109.24482727050781,0.27076199650764465,0.2524629235267639,0.018299086019396782,95526.390625,6.979492795698381e+16,6.979492795698381e+16,0.592088520526886,11053.1552734375,2.0780692100524902,11051.0771484375
294,102.79769897460938,0.14444322884082794,0.13468299806118011,0.009760210290551186,94765.0546875,6.949816289669939e+16,6.949816289669939e+16,0.5814337730407715,74098.484375,2.109961748123169,74096.375
295,104.750732421875,0.20687267184257507,0.19289013743400574,0.013982517644762993,94011.9375,7.95386024338391e+16,7.95386024338391e+16,0.5735679268836975,31562.21875,2.142263412475586,31560.076171875
296,99.36639404296875,0.1209183782339096,0.1127438023686409,0.00817456841468811,93117.3359375,7.679645479390413e+16,7.679645479390413e+16,0.5643673539161682,12633.73046875,2.176875114440918,12631.5537109375
297,98.89495086669922,0.11473638564348221,0.10698099434375763,0.007755391765385866,92227.828125,7.53366297697321e+16,7.53366297697321e+16,0.5532364249229431,85496.484375,2.2188642024993896,85494.265625
298,99.75837707519531,0.1579747349023819,0.14729735255241394,0.010677376762032509,91422.46875,7.943149453941146e+16,7.943149453941146e+16,0.5435146689414978,35774.3125,2.264861822128296,35772.046875
299,92.78894805908203,0.041046228259801865,0.03827161341905594,0.0027746136765927076,90622.8984375,6.529846656525926e+16,6.529846656525926e+16,0.5321387052536011,4842.91357421875,2.3037126064300537,4840.60986328125
