step,loss
0,159.01292419433594
1,145.70748901367188
2,57.80780029296875
3,10.48847770690918
4,6.4758124351501465
5,5.766993522644043
6,3.4142143726348877
7,5.909605979919434
8,3.0787155628204346
9,2.633582353591919
10,2.420158624649048
11,2.2112159729003906
12,1.918269395828247
13,1.6527105569839478
14,1.4749407768249512
15,1.361588478088379
16,1.1273601055145264
17,0.836618959903717
18,0.6316403150558472
19,0.5780946612358093
20,0.5406293272972107
21,0.4473819434642792
22,0.3499756157398224
23,0.281462162733078
24,0.21777594089508057
25,0.18254895508289337
26,0.15878459811210632
27,0.14153984189033508
28,0.1323849856853485
29,0.12205847352743149
30,0.10696190595626831
31,0.09266847372055054
32,0.0860014408826828
33,0.08425396680831909
34,0.0836213082075119
35,0.08293653279542923
36,0.08190400153398514
37,0.07972199469804764
38,0.07555465400218964
39,0.06967183202505112
40,0.06275652348995209
41,0.05794409662485123
42,0.05572010576725006
43,0.054500188678503036
44,0.053350456058979034
45,0.050938930362463
46,0.04839087650179863
47,0.04630216211080551
48,0.04528138414025307
49,0.043363481760025024
50,0.04061223566532135
51,0.0377407930791378
52,0.03579915687441826
53,0.03502359613776207
54,0.03465230390429497
55,0.0339152067899704
56,0.03228938207030296
57,0.03126799315214157
58,0.029867688193917274
59,0.027641983702778816
60,0.02570568025112152
61,0.023333877325057983
62,0.022609421983361244
63,0.022362379357218742
64,0.022299043834209442
65,0.02225673943758011
66,0.022192804142832756
67,0.022072119638323784
68,0.021806910634040833
69,0.02129458263516426
70,0.020498212426900864
71,0.019879456609487534
72,0.01965123601257801
73,0.019608287140727043
74,0.019549798220396042
75,0.019291508942842484
76,0.018767191097140312
77,0.016183149069547653
78,0.015842730179429054
79,0.015615200623869896
80,0.015571067109704018
81,0.01554010808467865
82,0.015468473546206951
83,0.015273801051080227
84,0.014950537122786045
85,0.014469844289124012
86,0.013887258246541023
87,0.01345991063863039
88,0.013323350809514523
89,0.013211775571107864
90,0.012932127341628075
91,0.012556509114801884
92,0.012247803620994091
93,0.012080365791916847
94,0.012029887177050114
95,0.012009667232632637
96,0.011995874345302582
97,0.011967377737164497
98,0.011900093406438828
99,0.011751734651625156
100,0.011397017166018486
101,0.010879050940275192
102,0.010534037835896015
103,0.0103981988504529
104,0.010216728784143925
105,0.010167302563786507
106,0.010138237848877907
107,0.01012599840760231
108,0.010116787627339363
109,0.010085673071444035
110,0.010032035410404205
111,0.009884714148938656
112,0.009624208323657513
113,0.009251629002392292
114,0.008872373960912228
115,0.008649315685033798
116,0.00859535951167345
117,0.008578539825975895
118,0.008563394658267498
119,0.008544259704649448
120,0.008514488115906715
121,0.008470436558127403
122,0.008398615755140781
123,0.008276786655187607
124,0.008076627738773823
125,0.007835653610527515
126,0.007539329119026661
127,0.007351363077759743
128,0.007305321283638477
129,0.007292687427252531
130,0.007288122083991766
131,0.007260470651090145
132,0.007164014969021082
133,0.006826020311564207
134,0.006177038885653019
135,0.006347110494971275
136,0.005774390883743763
137,0.005554887466132641
138,0.005434913095086813
139,0.005388631019741297
140,0.005348946433514357
141,0.005329541862010956
142,0.005317513830959797
143,0.005306829698383808
144,0.005300065036863089
145,0.005294173024594784
146,0.005289698485285044
147,0.0052850330248475075
148,0.0052747782319784164
149,0.005248955450952053
150,0.00520057138055563
151,0.005102264694869518
152,0.004955394193530083
153,0.0047600846737623215
154,0.004603556822985411
155,0.004559813067317009
156,0.004548097029328346
157,0.004545700736343861
158,0.004543844610452652
159,0.004540053196251392
160,0.004528208170086145
161,0.00450684130191803
162,0.004453148692846298
163,0.00435835774987936
164,0.004241742193698883
165,0.004162592347711325
166,0.0041294703260064125
167,0.004122545942664146
168,0.004121073987334967
169,0.004120544530451298
170,0.0041198874823749065
171,0.004118551965802908
172,0.004115541465580463
173,0.00410755630582571
174,0.004087683744728565
175,0.004041779320687056
176,0.003950012847781181
177,0.0038533422630280256
178,0.003757350379601121
179,0.003697038162499666
180,0.0036733578890562057
181,0.003665418829768896
182,0.0036613631527870893
183,0.003658793168142438
184,0.0036572194658219814
185,0.003656419226899743
186,0.0036539537832140923
187,0.003648596117272973
188,0.003634936409071088
189,0.0036002532579004765
190,0.0035247255582362413
191,0.0034063905477523804
192,0.0033726736437529325
193,0.0032753197010606527
194,0.003169165924191475
195,0.0031426299829035997
196,0.003113469807431102
197,0.003101416863501072
198,0.003079049289226532
199,0.0030672887805849314
200,0.0030584093183279037
201,0.0030543452594429255
202,0.0030525021720677614
203,0.00304968049749732
204,0.00304445275105536
205,0.003035779343917966
206,0.0030188802629709244
207,0.0029885265976190567
208,0.0029426037799566984
209,0.0028891670517623425
210,0.002827134681865573
211,0.0027897849213331938
212,0.0027835993096232414
213,0.002782045863568783
214,0.002780633047223091
215,0.002779061906039715
216,0.00277503440156579
217,0.0027652429416775703
218,0.002744875615462661
219,0.002716969233006239
220,0.0026539911050349474
221,0.00251731276512146
222,0.002435869537293911
223,0.0024065831676125526
224,0.0023418900091201067
225,0.002327672205865383
226,0.002310092793777585
227,0.0022924398072063923
228,0.0022800425067543983
229,0.0022755598183721304
230,0.0022743598092347383
231,0.0022739090491086245
232,0.0022734436206519604
233,0.0022732801735401154
234,0.0022727972827851772
235,0.0022719348780810833
236,0.0022703991271555424
237,0.0022664128337055445
238,0.0022568635176867247
239,0.0022398149594664574
240,0.0022152343299239874
241,0.0021881945431232452
242,0.002164146862924099
243,0.0021470377687364817
244,0.0021382365375757217
245,0.002133836504071951
246,0.00213209493085742
247,0.002131597837433219
248,0.0021310443989932537
249,0.0021316909696906805
250,0.0021305072586983442
251,0.0021297091152518988
252,0.0021270730067044497
253,0.0021239081397652626
254,0.0021120444871485233
255,0.0020909663289785385
256,0.0020487001165747643
257,0.0019877920858561993
258,0.0019360380247235298
259,0.0019266323652118444
260,0.0019162972457706928
261,0.0019124550744891167
262,0.001909981481730938
263,0.0019095592433586717
264,0.0019092170987278223
265,0.0019089237321168184
266,0.0019086514366790652
267,0.0019078511977568269
268,0.0019066636450588703
269,0.0019046260276809335
270,0.0019019095925614238
271,0.0018972872057929635
272,0.001888809958472848
273,0.0018736969213932753
274,0.0018470219802111387
275,0.00182966364081949
276,0.0017774500884115696
277,0.0017384804086759686
278,0.0016884567448869348
279,0.0016739838756620884
280,0.001661017769947648
281,0.0016592051833868027
282,0.0016568521969020367
283,0.001656247884966433
284,0.0016558440402150154
285,0.001655316213145852
286,0.0016547241248190403
287,0.0016539555508643389
288,0.0016532373847439885
289,0.00165270094294101
290,0.001651985920034349
291,0.0016506760148331523
292,0.0016485950909554958
293,0.0016441057668998837
294,0.0016357677523046732
295,0.001620591152459383
296,0.0016358294524252415
297,0.001612805062904954
298,0.0015926242340356112
299,0.0015639023622497916
300,0.0015603756764903665
301,0.0015539530431851745
302,0.0015432183863595128
303,0.0015354661736637354
304,0.0015246047405526042
305,0.001525014522485435
306,0.001516530872322619
307,0.001501918421126902
308,0.0014852613676339388
309,0.0015469987411051989
310,0.001478133606724441
311,0.0014652720419690013
312,0.0014490499161183834
313,0.0014455869095399976
314,0.0014411740703508258
315,0.001438452280126512
316,0.001436217105947435
317,0.0014352534199133515
318,0.0014344180235639215
319,0.0014335387386381626
320,0.0014329958939924836
321,0.0014326053205877542
322,0.001432236167602241
323,0.0014318441972136497
324,0.0014313026331365108
325,0.0014303198549896479
326,0.0014283136697486043
327,0.0014318689936771989
328,0.0014268947998061776
329,0.0014218251453712583
330,0.00141315592918545
331,0.0013968526618555188
332,0.0013840788742527366
333,0.0014745625667273998
334,0.0013758604181930423
335,0.0013569387374445796
336,0.0013411769177764654
337,0.0013337505515664816
338,0.001323696575127542
339,0.0013183559058234096
340,0.0013158281799405813
341,0.00131422677077353
342,0.0013129997532814741
343,0.0013116819318383932
344,0.0013110365252941847
345,0.001310561434365809
346,0.001310317893512547
347,0.0013101438526064157
348,0.0013098997296765447
349,0.0013093000743538141
350,0.0013081991346552968
351,0.001305386540479958
352,0.0013008399400860071
353,0.0013044339139014482
354,0.0012977680889889598
355,0.0012833585496991873
356,0.0012620300985872746
357,0.001244856626726687
358,0.0012330951867625117
359,0.0012276537017896771
360,0.0012191670248284936
361,0.0012147509260103106
362,0.0012122995685786009
363,0.0012113862903788686
364,0.001211055787280202
365,0.0012107044458389282
366,0.0012101932661607862
367,0.0012098937295377254
368,0.0012093376135453582
369,0.001208311296068132
370,0.0012058408465236425
371,0.0011999324196949601
372,0.001188390189781785
373,0.001171241281554103
374,0.0011614232789725065
375,0.0011475401697680354
376,0.0011394956381991506
377,0.0011334612499922514
378,0.0011308568064123392
379,0.0011291999835520983
380,0.0011278989259153605
381,0.001126919873058796
382,0.0011262864572927356
383,0.0011259318562224507
384,0.0011257571168243885
385,0.0011256220750510693
386,0.001125421142205596
387,0.0011251748073846102
388,0.0011247172951698303
389,0.001123972237110138
390,0.0011227222857996821
391,0.001120756147429347
392,0.001116537139751017
393,0.0011082362616434693
394,0.0010934738675132394
395,0.0010754805989563465
396,0.0011364587116986513
397,0.0010657981038093567
398,0.0010550178121775389
399,0.0011007300345227122
400,0.0010448482353240252
401,0.0010375893907621503
402,0.0010309575591236353
403,0.0010216317605227232
404,0.0010161952814087272
405,0.0010114272590726614
406,0.0010130577720701694
407,0.0010083474917337298
408,0.0010066222166642547
409,0.0010057066101580858
410,0.0010050958953797817
411,0.0010046197567135096
412,0.0010043081128969789
413,0.001004011370241642
414,0.0010038407053798437
415,0.0010036270832642913
416,0.001003092504106462
417,0.0010022369679063559
418,0.0010011391714215279
419,0.0009985303040593863
420,0.0009958908194676042
421,0.0009917811257764697
422,0.0009906160412356257
423,0.0009898970602080226
424,0.0009855865500867367
425,0.0009837414836511016
426,0.0009803941939026117
427,0.0009764929418452084
428,0.0009716707863844931
429,0.000963592145126313
430,0.0009514000848866999
431,0.0010162394028156996
432,0.0009422850562259555
433,0.0009399309637956321
434,0.0009315615752711892
435,0.0009274312760680914
436,0.000922231120057404
437,0.000916362158022821
438,0.0009107391815632582
439,0.000902158732060343
440,0.0008946492453105748
441,0.0008917644736357033
442,0.0008880395907908678
443,0.0008841964299790561
444,0.0008804532699286938
445,0.0008765702368691564
446,0.0008859204244799912
447,0.0008755733724683523
448,0.0008728990214876831
449,0.0008700770558789372
450,0.0008687132503837347
451,0.00086677708895877
452,0.0008654105477035046
453,0.0008638364961370826
454,0.0008629542426206172
455,0.000862216402310878
456,0.0008618173305876553
457,0.0008616409031674266
458,0.0008614360122010112
459,0.0008611925877630711
460,0.0008608537609688938
461,0.0008604623726569116
462,0.0008600276196375489
463,0.0008593307575210929
464,0.0008582348236814141
465,0.0008567655459046364
466,0.000855387537740171
467,0.0008526800666004419
468,0.0008469563908874989
469,0.0008413466857746243
470,0.0008507599122822285
471,0.0008343218360096216
472,0.0008351837168447673
473,0.0008191379602067173
474,0.000809606397524476
475,0.0008063102723099291
476,0.0008020134409889579
477,0.0007979474612511694
478,0.0007955430774018168
479,0.0007924866513349116
480,0.0007909578271210194
481,0.000789888552390039
482,0.0007891168352216482
483,0.0007886186940595508
484,0.0007883212529122829
485,0.0007880861521698534
486,0.0007878256728872657
487,0.0007873087888583541
488,0.0007869421970099211
489,0.0007885139784775674
490,0.0007859811885282397
491,0.0007850322290323675
492,0.000782834249548614
493,0.0007789266528561711
494,0.0007759169675409794
495,0.0007719130371697247
496,0.0008317981846630573
497,0.000769256439525634
498,0.0007648635073564947
499,0.0007553790346719325
500,0.0007487785769626498
501,0.0007448908872902393
502,0.0007430371479131281
503,0.0007451926358044147
504,0.0007422002963721752
505,0.0007399815949611366
506,0.0007386006764136255
507,0.0007370925159193575
508,0.0007360911695286632
509,0.0007349639781750739
510,0.0007330441731028259
511,0.0007315451512113214
512,0.00073003931902349
513,0.000728551356587559
514,0.0007274339441210032
515,0.0007264094892889261
516,0.000725362915545702
517,0.0007241980638355017
518,0.0007235949160531163
519,0.0007227075402624905
520,0.0007220410043373704
521,0.0007212971686385572
522,0.0007205987349152565
523,0.0007198569946922362
524,0.0007199390674941242
525,0.0007193423225544393
526,0.0007179357344284654
527,0.0007158414809964597
528,0.0007136813364923
529,0.000713001994881779
530,0.0007120342925190926
531,0.0007100005750544369
532,0.0007080139475874603
533,0.000704183999914676
534,0.0006995201110839844
535,0.000693253823556006
536,0.0006879002903588116
537,0.0006810043123550713
538,0.0006847744807600975
539,0.0006773330387659371
540,0.0006722467369399965
541,0.0006689512520097196
542,0.0006673118914477527
543,0.0006653979071415961
544,0.0006629444542340934
545,0.0006604326190426946
546,0.000658139237202704
547,0.0006567292148247361
548,0.0006557396845892072
549,0.0006548935198225081
550,0.0006537982262670994
551,0.0006525353528559208
552,0.000651221489533782
553,0.0006504190969280899
554,0.0006498115253634751
555,0.0006492121028713882
556,0.000648797198664397
557,0.0006484575569629669
558,0.0006482711178250611
559,0.0006480797892436385
560,0.0006479276926256716
561,0.0006477768765762448
562,0.0006476425915025175
563,0.0006474960828199983
564,0.0006473137182183564
565,0.0006471685483120382
566,0.0006468835053965449
567,0.0006465315818786621
568,0.0006461787852458656
569,0.0006459172582253814
570,0.0006457175477407873
571,0.0006454247049987316
572,0.0006450526416301727
573,0.0006450883229263127
574,0.0006448177737183869
575,0.0006443157326430082
576,0.0006437725969590247
577,0.0006427542539313436
578,0.0006410456844605505
579,0.0006377545651048422
580,0.0006343408022075891
581,0.0006364539149217308
582,0.0006323977140709758
583,0.0006295624771155417
584,0.0006278585060499609
585,0.0006252757157199085
586,0.0006208010017871857
587,0.0006156904273666441
588,0.0006085648201406002
589,0.0006117419106885791
590,0.0006055755657143891
591,0.0005984168965369463
592,0.0005923549761064351
593,0.0005881465040147305
594,0.0005825828411616385
595,0.0005780579522252083
596,0.0005740743945352733
597,0.0005702999769710004
598,0.0005661422037519515
599,0.0005641760653816164
600,0.0005622301832772791
601,0.0005601053708232939
602,0.0005594707909040153
603,0.0005575952236540616
604,0.0005563230370171368
605,0.0005549267516471446
606,0.000553470803424716
607,0.0005518865073099732
608,0.0005501174600794911
609,0.0005473297787830234
610,0.0005942881107330322
611,0.0005460244719870389
612,0.0005443900590762496
613,0.0005435978528112173
614,0.000543134578038007
615,0.0005429228767752647
616,0.0005428119911812246
617,0.0005426625721156597
618,0.0005425488343462348
619,0.0005424628034234047
620,0.000542390625923872
621,0.0005423006950877607
622,0.0005422230460681021
623,0.0005420436500571668
624,0.0005418402724899352
625,0.000541651388630271
626,0.0005414693150669336
627,0.0005412492319010198
628,0.0005408605793491006
629,0.0005403667455539107
630,0.0005393825704231858
631,0.0005379458307288587
632,0.0005364841781556606
633,0.0005357658374123275
634,0.0005332637229003012
635,0.0005319937481544912
636,0.0005298740579746664
637,0.0005268080276437104
638,0.0005228701629675925
639,0.0005215492565184832
640,0.0005179432337172329
641,0.000516451895236969
642,0.0005137869156897068
643,0.0005119428969919682
644,0.0005096489330753684
645,0.0005079060792922974
646,0.0005060043768025935
647,0.0005041623953729868
648,0.000502132810652256
649,0.0005014235503040254
650,0.0005008404841646552
651,0.0005002230755053461
652,0.0004998528165742755
653,0.000499443500302732
654,0.0004990059533156455
655,0.000498858920764178
656,0.0004984166007488966
657,0.000498085399158299
658,0.0004977083881385624
659,0.0004971505259163678
660,0.0004975736956112087
661,0.0004969261935912073
662,0.0004964735708199441
663,0.0004958409117534757
664,0.0004954852629452944
665,0.0004951312439516187
666,0.0004948044079355896
667,0.0004944099928252399
668,0.0004939745995216072
669,0.0004934624885208905
670,0.0004929904243908823
671,0.0004925733665004373
672,0.0004923277301713824
673,0.000492163875605911
674,0.0004919735947623849
675,0.0004918288323096931
676,0.0004917300539091229
677,0.0004916649777442217
678,0.0004915835452266037
679,0.000491493206936866
680,0.0004913727752864361
681,0.0004912166041322052
682,0.0004909491981379688
683,0.0004906633403152227
684,0.0004902662476524711
685,0.0004897695616818964
686,0.0004891912103630602
687,0.000488618912640959
688,0.0004878415202256292
689,0.0004866699455305934
690,0.0004849833494517952
691,0.000482222530990839
692,0.0004786645295098424
693,0.0004788323713000864
694,0.0004755538539029658
695,0.0004742205492220819
696,0.0004696470859926194
697,0.00046636766637675464
698,0.00046085281064733863
699,0.00045547308400273323
700,0.00045195844722911716
701,0.0004536408232524991
702,0.0004500381473917514
703,0.0004482543736230582
704,0.00044562004040926695
705,0.0004444809164851904
706,0.0004440559714566916
707,0.0004437621682882309
708,0.000443610071670264
709,0.00044348437222652137
710,0.0004434350412338972
711,0.00044339208398014307
712,0.000443316443124786
713,0.000443178549176082
714,0.0004429898108355701
715,0.00044267246266826987
716,0.0004421548801474273
717,0.0004415819712448865
718,0.00044098892249166965
719,0.0004401960759423673
720,0.00043959059985354543
721,0.0004410835972521454
722,0.0004392091650515795
723,0.0004385240899864584
724,0.0004377865116111934
725,0.0004374122654553503
726,0.0004369649395812303
727,0.0004366445355117321
728,0.00043642130913212895
729,0.00043624057434499264
730,0.0004356220015324652
731,0.00043520500184968114
732,0.00043478840962052345
733,0.0004345618363004178
734,0.0004344104672782123
735,0.0004341927415225655
736,0.000434067624155432
737,0.00043389806523919106
738,0.00043369250488467515
739,0.0004333233227953315
740,0.00043312821071594954
741,0.0004329576622694731
742,0.00043259933590888977
743,0.00043244086555205286
744,0.0004321800952311605
745,0.00043203640962019563
746,0.0004319646686781198
747,0.0004319252911955118
748,0.0004318643768783659
749,0.0004318084684200585
750,0.0004317372222431004
751,0.00043169435230083764
752,0.00043163244845345616
753,0.00043153524165973067
754,0.00043141745845787227
755,0.0004314038378652185
756,0.0004313172248657793
757,0.00043105403892695904
758,0.00043054003617726266
759,0.00042931438656523824
760,0.00042856967775151134
761,0.00042743017547763884
762,0.00042588633368723094
763,0.00042420977842994034
764,0.00042205723002552986
765,0.0004204113793093711
766,0.0004186721344012767
767,0.0004170473257545382
768,0.0004151212051510811
769,0.00041257948032580316
770,0.0004115894844289869
771,0.0004117721691727638
772,0.0004111046437174082
773,0.00041040414362214506
774,0.00040984631050378084
775,0.0004093694733455777
776,0.0004091499431524426
777,0.0004088356508873403
778,0.00040855701081454754
779,0.00040825692121870816
780,0.0004080413782503456
781,0.00040775802335701883
782,0.0004075290053151548
783,0.00040736040682531893
784,0.000407234241720289
785,0.0004070575814694166
786,0.0004069514980074018
787,0.0004066724213771522
788,0.0004063239903189242
789,0.00040576988249085844
790,0.0004050014540553093
791,0.00040427857311442494
792,0.0004040453350171447
793,0.00040372388320975006
794,0.0004026734968647361
795,0.0004009826516266912
796,0.00039986352203413844
797,0.00039855996146798134
798,0.00039790919981896877
799,0.00039742558146826923
800,0.00039687228854745626
801,0.0003961724287364632
802,0.00039546762127429247
803,0.00039458999526686966
804,0.00039361874223686755
805,0.0003927112265955657
806,0.0003918646543752402
807,0.00039051374187693
808,0.0003894182445947081
809,0.00038796343142166734
810,0.00038691761437803507
811,0.0003865447361022234
812,0.0003862153389491141
813,0.00038602459244430065
814,0.00038581169792450964
815,0.0003856215626001358
816,0.0003853302914649248
817,0.00038499420043081045
818,0.00038460714858956635
819,0.00038424882222898304
820,0.0003850192588288337
821,0.00038408167893067
822,0.0003839329001493752
823,0.0003837881959043443
824,0.0003836142714135349
825,0.0003834973322227597
826,0.00038331374526023865
827,0.00038314369157887995
828,0.0003829768975265324
829,0.0003827837062999606
830,0.0003825013409368694
831,0.00038191588828340173
832,0.0003814939991571009
833,0.00038102053804323077
834,0.0003807081375271082
835,0.0003805052547249943
836,0.00038036040496081114
837,0.0003801611310336739
838,0.0003797555691562593
839,0.0003791612689383328
840,0.0003785091103054583
841,0.00037677271757274866
842,0.00037529412657022476
843,0.0003744246787391603
844,0.00037343247095122933
845,0.00037268357118591666
846,0.00037180210347287357
847,0.00037120061460882425
848,0.000369990651961416
849,0.0003695694904308766
850,0.00036855542566627264
851,0.0003676587948575616
852,0.0003673094033729285
853,0.00036697028554044664
854,0.0003666955453809351
855,0.00036627001827582717
856,0.00036568468203768134
857,0.00036529949284158647
858,0.0003650474245660007
859,0.00036485568853095174
860,0.00036461855052039027
861,0.00036444186116568744
862,0.0003641993971541524
863,0.0003639361821115017
864,0.0003636286419350654
865,0.00036335919867269695
866,0.000363143568392843
867,0.00036298317718319595
868,0.00036279059713706374
869,0.00036247604293748736
870,0.00036201573675498366
871,0.00036099489079788327
872,0.0003614393644966185
873,0.0003604101948440075
874,0.0003596434253267944
875,0.00035895942710340023
876,0.0003584172227419913
877,0.00035800071782432497
878,0.0003577271127142012
879,0.0003573548747226596
880,0.0003569850232452154
881,0.00035673362435773015
882,0.0003563764621503651
883,0.00035592293716035783
884,0.00035560104879550636
885,0.0003548894019331783
886,0.0003542451886460185
887,0.00035349218524061143
888,0.00035313336411491036
889,0.0003526134241838008
890,0.00035206135362386703
891,0.0003512599505484104
892,0.00035072342143394053
893,0.0003502905019558966
894,0.00035008369013667107
895,0.0003499253944028169
896,0.00034973377478308976
897,0.00034942085039801896
898,0.0003490904055070132
899,0.0003486747154965997
900,0.00034830786171369255
901,0.00034802540903910995
902,0.00034775768290273845
903,0.0003474373370409012
904,0.00034694463829509914
905,0.0003461085434537381
906,0.00034502477501519024
907,0.00034406958729960024
908,0.00034735375083982944
909,0.0003434796817600727
910,0.0003429276403039694
911,0.00034196319757029414
912,0.00034140507341362536
913,0.00034058227902278304
914,0.0003402576840016991
915,0.00034005194902420044
916,0.00033907528268173337
917,0.0003376597014721483
918,0.0003350822953507304
919,0.00035619892878457904
920,0.0003342428826726973
921,0.00033194629941135645
922,0.00033298181369900703
923,0.00032889528665691614
924,0.0003289282612968236
925,0.00032481455127708614
926,0.0003266597632318735
927,0.00032339373137801886
928,0.0003204602689947933
929,0.0003190938150510192
930,0.00031797654810361564
931,0.00031702296109870076
932,0.000316249905154109
933,0.00031585473334416747
934,0.00031548665720038116
935,0.00031508668325841427
936,0.00031447812216356397
937,0.00031433734693564475
938,0.0003136976738460362
939,0.00031334380037151277
940,0.00031305846641771495
941,0.0003126939991489053
942,0.0003123534261249006
943,0.0003118353197351098
944,0.00031108828261494637
945,0.0003113167767878622
946,0.0003105515497736633
947,0.0003098038141615689
948,0.00030811585020273924
949,0.00030679951305501163
950,0.0003048382350243628
951,0.0003041672462131828
952,0.00030310865258798003
953,0.0003029108920600265
954,0.000302056287182495
955,0.00030160543974488974
956,0.0003009747597388923
957,0.00029979494865983725
958,0.0002989693311974406
959,0.00029807418468408287
960,0.00029645898030139506
961,0.00029494299087673426
962,0.00029364984948188066
963,0.00029235807596705854
964,0.00029265039484016597
965,0.00029156028176657856
966,0.0002906535810325295
967,0.00029010113212279975
968,0.0002893790078815073
969,0.00028879643650725484
970,0.00028837574063800275
971,0.0002879039675462991
972,0.00028761092107743025
973,0.00028729657060466707
974,0.00028694584034383297
975,0.00028646612190641463
976,0.0002859841042663902
977,0.00028555779135785997
978,0.0002851761528290808
979,0.00028474442660808563
980,0.0002843603433575481
981,0.0002839445078279823
982,0.0002836187486536801
983,0.0002833954058587551
984,0.00028319464763626456
985,0.00028287412715144455
986,0.0002826561685651541
987,0.00028243500855751336
988,0.0002821941743604839
989,0.0002819544752128422
990,0.00028171762824058533
991,0.00028149521676823497
992,0.0002812975726556033
993,0.00028111852589063346
994,0.00028094887966290116
995,0.00028095772722736
996,0.0002807983255479485
997,0.00028067949460819364
998,0.00028059081523679197
999,0.0002805059193633497
1000,0.0002803601964842528
1001,0.0002804624382406473
1002,0.00028029049281030893
1003,0.0002801712544169277
1004,0.000280144129646942
1005,0.0002800771617330611
1006,0.00027997777215205133
1007,0.0002798232308123261
1008,0.0002796978806145489
1009,0.0002795659238472581
1010,0.00027950978255830705
1011,0.00027948664501309395
1012,0.0002794268075376749
1013,0.00027940358268097043
1014,0.00027934586978517473
1015,0.0002793027670122683
1016,0.00027924322057515383
1017,0.0002791834413073957
1018,0.00027911560027860105
1019,0.00027902540750801563
1020,0.000278937048278749
1021,0.00027886879979632795
1022,0.00027878425316885114
1023,0.00027869304176419973
1024,0.0002786305849440396
1025,0.0002786073600873351
1026,0.00027844501892104745
1027,0.0002783553209155798
1028,0.000278248218819499
1029,0.000278025574516505
1030,0.000277677143458277
1031,0.00027739437064155936
1032,0.0002769690763670951
1033,0.0002765353419817984
1034,0.00027604863862507045
1035,0.0002756597532425076
1036,0.000275234691798687
1037,0.0002746372774709016
1038,0.0002738613111432642
1039,0.0002728515537455678
1040,0.00027307981508783996
1041,0.00027217884780839086
1042,0.0002713593130465597
1043,0.00027002536808140576
1044,0.000269106327323243
1045,0.0002675084979273379
1046,0.00026627336046658456
1047,0.00026546389563009143
1048,0.0002633923722896725
1049,0.000263168360106647
1050,0.00026236430858261883
1051,0.0002602539607323706
1052,0.0002582959132269025
1053,0.00025633221957832575
1054,0.0002550664939917624
1055,0.00025353149976581335
1056,0.0002521948190405965
1057,0.0002513131476007402
1058,0.00024914086679928005
1059,0.00024774635676294565
1060,0.00024662449141032994
1061,0.00024569081142544746
1062,0.00024503673193976283
1063,0.00024420226691290736
1064,0.00024372075858991593
1065,0.00024335095076821744
1066,0.00024299949291162193
1067,0.0002428624138701707
1068,0.00024263060186058283
1069,0.00024246398243121803
1070,0.0002422245597699657
1071,0.0002419952506897971
1072,0.00024187630333472043
1073,0.00024176733859349042
1074,0.00024170850520022213
1075,0.00024161633336916566
1076,0.00024143497284967452
1077,0.00024116416170727462
1078,0.00024086405755952
1079,0.00024045674945227802
1080,0.00024016888346523046
1081,0.00023969844914972782
1082,0.00023913038603495806
1083,0.00023887434508651495
1084,0.00023811869323253632
1085,0.0002375746116740629
1086,0.00023734645219519734
1087,0.0002368900168221444
1088,0.00023627655173186213
1089,0.00023600914573762566
1090,0.00023562239948660135
1091,0.00023525606957264245
1092,0.00023495315690524876
1093,0.0002346276887692511
1094,0.00023412794689647853
1095,0.00023450520529877394
1096,0.00023391407739836723
1097,0.00023347698152065277
1098,0.00023326597874984145
1099,0.0002329929848201573
1100,0.00023280270397663116
1101,0.00023259827867150307
1102,0.0002324779488844797
1103,0.0002323658118257299
1104,0.00023226039775181562
1105,0.00023214786779135466
1106,0.0002320435014553368
1107,0.00023198418784886599
1108,0.0002318633341928944
1109,0.00023183348821476102
1110,0.00023153492657002062
1111,0.00023138469259720296
1112,0.00023120718833524734
1113,0.00023101251281332225
1114,0.0002308655675733462
1115,0.00023066354333423078
1116,0.00023056200006976724
1117,0.00023044375120662153
1118,0.00023034388141240925
1119,0.0002301843633176759
1120,0.00023002097441349179
1121,0.00022990538855083287
1122,0.00022970981081016362
1123,0.00022945077216718346
1124,0.00022925282246433198
1125,0.00022907597303856164
1126,0.00022874976275488734
1127,0.00022852892288938165
1128,0.0002283138019265607
1129,0.00022823965991847217
1130,0.0002280917833559215
1131,0.00022786302724853158
1132,0.00022766398615203798
1133,0.0002274207945447415
1134,0.00022718103718943894
1135,0.00022701630950905383
1136,0.0002267007512273267
1137,0.0002264829381601885
1138,0.00022621892276220024
1139,0.00022610608721151948
1140,0.00022588565479964018
1141,0.00022568111307919025
1142,0.000225638912525028
1143,0.00022519845515489578
1144,0.00022504637308884412
1145,0.00022488049580715597
1146,0.00022460018226411194
1147,0.00022421631729230285
1148,0.00022376643028110266
1149,0.0002232252445537597
1150,0.00022281979909166694
1151,0.00022241896658670157
1152,0.00022207597794476897
1153,0.00022149823780637234
1154,0.00022103013179730624
1155,0.00022047586389817297
1156,0.00022005083155818284
1157,0.0002200967282988131
1158,0.0002198915753979236
1159,0.00021961689344607294
1160,0.0002192577812820673
1161,0.00021886095055378973
1162,0.0002184712648158893
1163,0.00021800052491016686
1164,0.00021757688955403864
1165,0.0002173001121263951
1166,0.00021711253793910146
1167,0.00021696381736546755
1168,0.00021675822790712118
1169,0.0002165672485716641
1170,0.0002163486205972731
1171,0.0002161098236683756
1172,0.00021600387117359787
1173,0.00021649780683219433
1174,0.00021585059585049748
1175,0.00021569212549366057
1176,0.0002155833353754133
1177,0.00021548425138462335
1178,0.00021542870672419667
1179,0.0002153795794583857
1180,0.00021532450045924634
1181,0.00021529807418119162
1182,0.00021525770716834813
1183,0.00021524690964724869
1184,0.00021518096036743373
1185,0.0002151266671717167
1186,0.00021503283642232418
1187,0.00021491714869625866
1188,0.00021507628844119608
1189,0.00021485872275661677
1190,0.00021471315994858742
1191,0.00021455113892443478
1192,0.00021448280313052237
1193,0.00021442148135975003
1194,0.00021433013898786157
1195,0.00021422987629193813
1196,0.00021411204943433404
1197,0.0002138869313057512
1198,0.00021437880059238523
1199,0.00021373131312429905
1200,0.00021352771727833897
1201,0.0002133260713890195
1202,0.00021316224592737854
1203,0.0002129252825397998
1204,0.00021267656120471656
1205,0.00021245575044304132
1206,0.0002124336751876399
1207,0.00021232079598121345
1208,0.00021210765407886356
1209,0.0002118941629305482
1210,0.00021167618979234248
1211,0.0002111996291205287
1212,0.00021097756689414382
1213,0.00021062899031676352
1214,0.00021056433615740389
1215,0.00021041781292296946
1216,0.00021022578584961593
1217,0.00020996930834371597
1218,0.00020964487339369953
1219,0.00020930760365445167
1220,0.00020872853929176927
1221,0.00020822123042307794
1222,0.00020756501180585474
1223,0.00020712867262773216
1224,0.0002067534951493144
1225,0.0002063772699330002
1226,0.00020600698189809918
1227,0.0002056140365311876
1228,0.0002051869814749807
1229,0.00020487571600824594
1230,0.00020459193910937756
1231,0.000204206706257537
1232,0.0002038872189586982
1233,0.00020329313701950014
1234,0.00020272198889870197
1235,0.00020212907111272216
1236,0.00020158520783297718
1237,0.0002009812305914238
1238,0.00020023122488055378
1239,0.00019975489703938365
1240,0.00019924648222513497
1241,0.00019861359032802284
1242,0.00019820709712803364
1243,0.00019784903270192444
1244,0.0001974867336684838
1245,0.00019722442084457725
1246,0.00019671158224809915
1247,0.00019648663874249905
1248,0.00019627425353974104
1249,0.00019576892373152077
1250,0.00019534533203113824
1251,0.00019490672275424004
1252,0.00019454097491689026
1253,0.00019419191812630743
1254,0.00019391403475310653
1255,0.00019355576660018414
1256,0.0001932446612045169
1257,0.0001928887068061158
1258,0.00019255781080573797
1259,0.00019240821711719036
1260,0.000192119216080755
1261,0.00019200464885216206
1262,0.00019183811673428863
1263,0.00019171206804458052
1264,0.0001914279127959162
1265,0.00019123511447105557
1266,0.0001909560669446364
1267,0.0001907261466840282
1268,0.00019052384595852345
1269,0.00019038647587876767
1270,0.00019026828522328287
1271,0.00019018531020265073
1272,0.00019011576659977436
1273,0.00019005409558303654
1274,0.00018994580022990704
1275,0.00018979518790729344
1276,0.00018963625188916922
1277,0.00018950477533508092
1278,0.00018940860172733665
1279,0.00018933795217890292
1280,0.00018926660413853824
1281,0.00018915548571385443
1282,0.00018909679783973843
1283,0.00018917435954790562
1284,0.0001890789862954989
1285,0.0001890107523649931
1286,0.00018901553994510323
1287,0.0001889927953016013
1288,0.00018893701781053096
1289,0.00018885443569160998
1290,0.00018881767755374312
1291,0.00018877146067097783
1292,0.00018870392523240298
1293,0.00018865987658500671
1294,0.0001885980018414557
1295,0.00018852460198104382
1296,0.0001884677039925009
1297,0.00018840885604731739
1298,0.00018832564819604158
1299,0.0001882400829344988
1300,0.0001881471835076809
1301,0.00018806789012160152
1302,0.00018800066027324647
1303,0.0001879447663668543
1304,0.0001879038754850626
1305,0.00018786630243994296
1306,0.00018782734696287662
1307,0.00018778526282403618
1308,0.00018774060299620032
1309,0.00018769428425002843
1310,0.00018767012807074934
1311,0.00018761298269964755
1312,0.00018757393991108984
1313,0.00018751883180812
1314,0.00018746197747532278
1315,0.00018738565267995
1316,0.0001873040309874341
1317,0.00018720858497545123
1318,0.00018715909391175956
1319,0.00018710564472712576
1320,0.00018707387789618224
1321,0.00018704484682530165
1322,0.00018700314103625715
1323,0.0001869698753580451
1324,0.00018693260790314525
1325,0.00018688362615648657
1326,0.0001868384424597025
1327,0.00018678746710065752
1328,0.00018671841826289892
1329,0.0001866502279881388
1330,0.00018659800116438419
1331,0.00018652662402018905
1332,0.00018640674534253776
1333,0.00018614978762343526
1334,0.0001859784679254517
1335,0.00018581512267701328
1336,0.00018576474394649267
1337,0.0001855934679042548
1338,0.000185471071745269
1339,0.00018524077313486487
1340,0.0001849104737630114
1341,0.00018473276577424258
1342,0.00018411783094052225
1343,0.0001837562012951821
1344,0.00018357494263909757
1345,0.0001831109111662954
1346,0.00018299598013982177
1347,0.00018261719378642738
1348,0.0001823730272008106
1349,0.00018216943135485053
1350,0.0001819614990381524
1351,0.0001817885204218328
1352,0.00018153579731006175
1353,0.00018130766693502665
1354,0.00018100322631653398
1355,0.0001806493237381801
1356,0.00018025997269432992
1357,0.0001796313445083797
1358,0.00018043849559035152
1359,0.00017935395590029657
1360,0.00017912700423039496
1361,0.00017844750254880637
1362,0.0001780820603016764
1363,0.0001773297117324546
1364,0.00017701946489978582
1365,0.000176943329279311
1366,0.00017636957636568695
1367,0.00017621563165448606
1368,0.0001759988663252443
1369,0.00017569551710039377
1370,0.00017537442909087986
1371,0.00017495740030426532
1372,0.0001745478657539934
1373,0.0001741904125083238
1374,0.00017381520592607558
1375,0.0001734596153255552
1376,0.0001731736701913178
1377,0.00017296393343713135
1378,0.0001727821072563529
1379,0.0001725740439724177
1380,0.00017232357640750706
1381,0.00017207681958097965
1382,0.00017181449220515788
1383,0.00017164304153993726
1384,0.00017140121781267226
1385,0.00017119335825555027
1386,0.00017099420074373484
1387,0.0001707991905277595
1388,0.00017048876907210797
1389,0.0001702182344160974
1390,0.00017004368419293314
1391,0.00016990670701488853
1392,0.00016978599887806922
1393,0.00016961514484137297
1394,0.00016946205869317055
1395,0.0001693032099865377
1396,0.0001691691140877083
1397,0.0001689966447884217
1398,0.00016888434765860438
1399,0.0001686959294602275
1400,0.00016859889728948474
1401,0.00016847708320710808
1402,0.0001683820883044973
1403,0.00016832086839713156
1404,0.00016828824300318956
1405,0.00016826760838739574
1406,0.0001682328584138304
1407,0.00016821225290186703
1408,0.00016818151925690472
1409,0.0001681617577560246
1410,0.000168124315678142
1411,0.00016808579675853252
1412,0.00016802144818939269
1413,0.0001679438864812255
1414,0.0001679428678471595
1415,0.00016788321954663843
1416,0.00016780089936219156
1417,0.00016771306400187314
1418,0.00016760671860538423
1419,0.0001674906088737771
1420,0.00016747746849432588
1421,0.0001674315135460347
1422,0.0001673278457019478
1423,0.00016722055443096906
1424,0.00016713252989575267
1425,0.0001670295896474272
1426,0.0001668892800807953
1427,0.00016676197992637753
1428,0.00016666816372890025
1429,0.00016657455125823617
1430,0.00016647220763843507
1431,0.0001663230505073443
1432,0.0001662347058299929
1433,0.00016609675367362797
1434,0.00016591098392382264
1435,0.00016576780762989074
1436,0.00016557524213567376
1437,0.0001652770151849836
1438,0.00016494133160449564
1439,0.0001645735464990139
1440,0.00016495052841491997
1441,0.00016435590805485845
1442,0.00016576905909460038
1443,0.00016410868556704372
1444,0.0001637257228139788
1445,0.00016330638027284294
1446,0.00016306347970385104
1447,0.00016280559066217393
1448,0.000162658398039639
1449,0.00016259867697954178
1450,0.0001624632132006809
1451,0.00016233375936280936
1452,0.0001620895491214469
1453,0.0001618268433958292
1454,0.00016138583305291831
1455,0.00016331905499100685
1456,0.00016127264825627208
1457,0.00016103099915198982
1458,0.00016079805209301412
1459,0.0001605777069926262
1460,0.0001603558921488002
1461,0.00016003509517759085
1462,0.0001598884118720889
1463,0.00015970105596352369
1464,0.00015956180868670344
1465,0.00015949102817103267
1466,0.0001593858760315925
1467,0.0001592942571733147
1468,0.0001592314656591043
1469,0.000159140516188927
1470,0.00015907007036730647
1471,0.00015898716810625046
1472,0.00015890538634266704
1473,0.00015879985585343093
1474,0.00015870531206019223
1475,0.00015857200196478516
1476,0.00015846283349674195
1477,0.00015835967496968806
1478,0.00015825829177629203
1479,0.00015817295934539288
1480,0.0001580757088959217
1481,0.00015791742771398276
1482,0.00015813051140867174
1483,0.00015780401008669287
1484,0.00015769078163430095
1485,0.00015734275802969933
1486,0.00015707476995885372
1487,0.00015668604464735836
1488,0.0001566968858242035
1489,0.00015642581274732947
1490,0.00015610385162290186
1491,0.00015583042113576084
1492,0.00015567023365292698
1493,0.00015544872439932078
1494,0.00015562937187496573
1495,0.00015521497698500752
1496,0.00015473584062419832
1497,0.0001542108948342502
1498,0.0001537244243081659
1499,0.00015394257206935436
1500,0.00015355914365500212
1501,0.0001534452458145097
1502,0.00015340978279709816
1503,0.00015323064872063696
1504,0.0001530888257548213
1505,0.00015282048843801022
1506,0.000152510532643646
1507,0.00015227458789013326
1508,0.00015228516713250428
1509,0.00015215622261166573
1510,0.00015195678861346096
1511,0.0001516814372735098
1512,0.00015147196245379746
1513,0.00015121557225938886
1514,0.00015096890274435282
1515,0.00015074166003614664
1516,0.00015059864381328225
1517,0.00015050939691718668
1518,0.00015042688755784184
1519,0.00015035373507998884
1520,0.00015028167399577796
1521,0.00015022483421489596
1522,0.0001501689403085038
1523,0.00015020935097709298
1524,0.00015014150994829834
1525,0.0001500993821537122
1526,0.0001500629587098956
1527,0.00015000843268353492
1528,0.00014993427612353116
1529,0.00014986014866735786
1530,0.00014980982814449817
1531,0.00014979048864915967
1532,0.00014977497630752623
1533,0.00014975332305766642
1534,0.0001497173070674762
1535,0.00014967832248657942
1536,0.00014966972230467945
1537,0.00014960236148908734
1538,0.0001495631004218012
1539,0.0001495035830885172
1540,0.00014946938608773053
1541,0.00014944057329557836
1542,0.00014942136476747692
1543,0.00014940918481443077
1544,0.00014939183893147856
1545,0.00014937971718609333
1546,0.00014936667867004871
1547,0.0001494979951530695
1548,0.0001493638555984944
1549,0.00014933303464204073
1550,0.00014928681775927544
1551,0.00014919483510311693
1552,0.00014913742779754102
1553,0.00014901283429935575
1554,0.00014885351993143559
1555,0.000148638486280106
1556,0.00014859459770377725
1557,0.00014854058099444956
1558,0.0001483466912759468
1559,0.00014819231000728905
1560,0.000147865604958497
1561,0.0001476536999689415
1562,0.00014730877592228353
1563,0.00014713856216985732
1564,0.00014701933832839131
1565,0.00014700487372465432
1566,0.00014690423267893493
1567,0.0001468578993808478
1568,0.00014677700528409332
1569,0.0001466830144636333
1570,0.0001465984678361565
1571,0.00014645597548224032
1572,0.00014633727550972253
1573,0.00014617196575272828
1574,0.0001460201310692355
1575,0.00014581967843696475
1576,0.000145668163895607
1577,0.0001453758595744148
1578,0.00014520650438498706
1579,0.00014506305160466582
1580,0.00014490527973975986
1581,0.00014478841330856085
1582,0.00014467266737483442
1583,0.00014458366786129773
1584,0.00014450118760578334
1585,0.00014441207167692482
1586,0.00014430897135753185
1587,0.00014418353384826332
1588,0.0001440255728084594
1589,0.00014390095020644367
1590,0.00014379413914866745
1591,0.0001437346509192139
1592,0.00014366563118528575
1593,0.00014357976033352315
1594,0.0001435250014765188
1595,0.00014776769967284054
1596,0.00014351056597661227
1597,0.00014352690777741373
1598,0.00014347034448292106
1599,0.00014339745393954217
1600,0.00014329577970784158
1601,0.00014317351451609284
1602,0.00014316363376565278
1603,0.00014311695122160017
1604,0.00014294806169345975
1605,0.0001427891693310812
1606,0.000143391516758129
1607,0.0001427062088623643
1608,0.00014260414172895253
1609,0.00014254378038458526
1610,0.00014248209481593221
1611,0.00014244145131669939
1612,0.0001423342910129577
1613,0.00014228414511308074
1614,0.00014223402831703424
1615,0.0001421745546394959
1616,0.00014212577661965042
1617,0.00014204561011865735
1618,0.00014200985606294125
1619,0.0001419809996150434
1620,0.00014194438699632883
1621,0.00014190978254191577
1622,0.0001418647589161992
1623,0.00014182538143359125
1624,0.0001417750318069011
1625,0.00014173908857628703
1626,0.0001416786981280893
1627,0.00014161673607304692
1628,0.00014156365068629384
1629,0.00014148885384202003
1630,0.00014136389654595405
1631,0.00014121283311396837
1632,0.00014099213876761496
1633,0.00014076707884669304
1634,0.00014036250649951398
1635,0.00013984613178763539
1636,0.0001392191043123603
1637,0.00013879318430554122
1638,0.00013853328709956259
1639,0.00013865347136743367
1640,0.0001380759058520198
1641,0.00013741904695052654
1642,0.00013819881132803857
1643,0.00013699766714125872
1644,0.0001364588097203523
1645,0.00013628654414787889
1646,0.00013577194476965815
1647,0.00013539833889808506
1648,0.0001350117672700435
1649,0.00013453391147777438
1650,0.0001341040915576741
1651,0.00013357418356463313
1652,0.00013347000640351325
1653,0.00013310631038621068
1654,0.00013314146781340241
1655,0.00013297185068950057
1656,0.00013277397374622524
1657,0.00013254265650175512
1658,0.00013242744898889214
1659,0.00013224479334894568
1660,0.00013214588398113847
1661,0.00013200700050219893
1662,0.00013180033420212567
1663,0.00013157793728169054
1664,0.00013146510173100978
1665,0.00013122850214131176
1666,0.00013109487190376967
1667,0.00013096220209263265
1668,0.00013085811224300414
1669,0.0001308197679463774
1670,0.00013078450865577906
1671,0.00013073746231384575
1672,0.00013070713612250984
1673,0.00013070045679342002
1674,0.000130683823954314
1675,0.00013066706014797091
1676,0.00013061861682217568
1677,0.00013059175398666412
1678,0.00013053540897089988
1679,0.00013047282118350267
1680,0.0001304126635659486
1681,0.00013034266885370016
1682,0.0001302859018323943
1683,0.00013019531616009772
1684,0.00013009451504331082
1685,0.00012998905731365085
1686,0.00012988256639800966
1687,0.00012977518781553954
1688,0.0001296886766795069
1689,0.0001295748515985906
1690,0.00012946226343046874
1691,0.00012926952331326902
1692,0.0001290712971240282
1693,0.00012888295168522745
1694,0.00012872809020336717
1695,0.00012849757331423461
1696,0.00012826688180211931
1697,0.00012813627836294472
1698,0.00012802712444681674
1699,0.00012793841597158462
1700,0.0001280594151467085
1701,0.00012787483865395188
1702,0.00012773902562912554
1703,0.0001276060356758535
1704,0.00012748200970236212
1705,0.00012734881602227688
1706,0.00012719612277578562
1707,0.00012702157255262136
1708,0.0001269396161660552
1709,0.00012683247041422874
1710,0.0001267351908609271
1711,0.00012665946269407868
1712,0.00012657669140025973
1713,0.00012648616393562406
1714,0.00012637484178412706
1715,0.0001262422010768205
1716,0.0001260909193661064
1717,0.00012597889872267842
1718,0.0001258650590898469
1719,0.00012572617561090738
1720,0.00012565767974592745
1721,0.00012560498726088554
1722,0.00012553794658742845
1723,0.00012549593520816416
1724,0.0001254277885891497
1725,0.00012530552339740098
1726,0.00012523963232524693
1727,0.0001251626235898584
1728,0.0001251113135367632
1729,0.0001250078494194895
1730,0.00012482510646805167
1731,0.00012464083556551486
1732,0.000124475103802979
1733,0.0001243583974428475
1734,0.00012424314627423882
1735,0.00012409644841682166
1736,0.00012391485506668687
1737,0.00012369702744763345
1738,0.00012351783516351134
1739,0.00012338526721578091
1740,0.0001231892529176548
1741,0.00012287843856029212
1742,0.0001224763400387019
1743,0.00012203179358039051
1744,0.00012198137847008184
1745,0.00012178942415630445
1746,0.00012138953024987131
1747,0.00012109413364669308
1748,0.00012075103586539626
1749,0.00012055734259774908
1750,0.00012030871585011482
1751,0.00011997894034720957
1752,0.00012011179205728695
1753,0.00011974418157478794
1754,0.00011924363934667781
1755,0.000118839911010582
1756,0.00011906415602425113
1757,0.00011855190678033978
1758,0.00011832042218884453
1759,0.00011815986363217235
1760,0.00011798694322351366
1761,0.00011842843377962708
1762,0.00011790826101787388
1763,0.00011770188575610518
1764,0.0001174089265987277
1765,0.0001172391275758855
1766,0.00011707369412761182
1767,0.00011694131535477936
1768,0.00011684791388688609
1769,0.00011676289432216436
1770,0.00011667110811686143
1771,0.00011656815331662074
1772,0.00011644294136203825
1773,0.00011644273763522506
1774,0.00011637737770797685
1775,0.00011626256309682503
1776,0.00011614533286774531
1777,0.00011605549661908299
1778,0.00011597285629250109
1779,0.00011590691428864375
1780,0.00011584079766180366
1781,0.00011576550605241209
1782,0.00011568970512598753
1783,0.0001155960708274506
1784,0.0001154887504526414
1785,0.00011541947606019676
1786,0.00011536882811924443
1787,0.0001153284902102314
1788,0.00011528679897310212
1789,0.00011531588097568601
1790,0.00011524336878210306
1791,0.00011511653428897262
1792,0.00011487904703244567
1793,0.00011462591646704823
1794,0.00011434585030656308
1795,0.00011397920752642676
1796,0.00011384435492800549
1797,0.00011403233656892553
1798,0.00011365622776793316
1799,0.00011349869600962847
1800,0.00011337213072692975
1801,0.0001132531397161074
1802,0.00011299768084427342
1803,0.00011278366582700983
1804,0.00011264220665907487
1805,0.00011254913260927424
1806,0.00011246433132328093
1807,0.00011237693252041936
1808,0.0001123082620324567
1809,0.00011221937893424183
1810,0.00011210480442969128
1811,0.00011197735148016363
1812,0.00011186311166966334
1813,0.00011173974053235725
1814,0.00011164319585077465
1815,0.00011150451609864831
1816,0.00011136294779134914
1817,0.00011125418677693233
1818,0.00011112856009276584
1819,0.0001110279918066226
1820,0.00011094070214312524
1821,0.00011088282190030441
1822,0.00011082097626058385
1823,0.00011076663213316351
1824,0.00011072015331592411
1825,0.00011068172170780599
1826,0.00011065183934988454
1827,0.00011060782708227634
1828,0.00011057157826144248
1829,0.00011050971079384908
1830,0.00011045770952478051
1831,0.00011039464880013838
1832,0.00011029162124032155
1833,0.00011020498641300946
1834,0.00011010328307747841
1835,0.00011011588503606617
1836,0.00011005533451680094
1837,0.00010998736252076924
1838,0.0001099154760595411
1839,0.00010981281957356259
1840,0.00010971346637234092
1841,0.00010960119834635407
1842,0.0001094968756660819
1843,0.00010943820234388113
1844,0.00010931160795735195
1845,0.00010923860827460885
1846,0.00010911126446444541
1847,0.00010899473272729665
1848,0.00010888824181165546
1849,0.00010880857735173777
1850,0.00010874276631511748
1851,0.00010865883814403787
1852,0.00010859994654310867
1853,0.00010849611135199666
1854,0.00010843350901268423
1855,0.00010836683213710785
1856,0.00010831774125108495
1857,0.00010827631922438741
1858,0.00010822240437846631
1859,0.00010816482244990766
1860,0.00010804882913362235
1861,0.00010799527080962434
1862,0.00010789931548060849
1863,0.00010783302423078567
1864,0.00010773800022434443
1865,0.00010756735719041899
1866,0.00010745974577730522
1867,0.00010726221080403775
1868,0.00010702824511099607
1869,0.00010670084157027304
1870,0.00010638043022481725
1871,0.00010595481580821797
1872,0.00010556076449574903
1873,0.00010513068991713226
1874,0.00010478918557055295
1875,0.00010444652434671298
1876,0.00010424810170661658
1877,0.00010419268801342696
1878,0.0001040584611473605
1879,0.0001039754570228979
1880,0.00010380505409557372
1881,0.00010366994683863595
1882,0.00010355959238950163
1883,0.00010343791655031964
1884,0.00010331439989386126
1885,0.00010314024984836578
1886,0.00010377640137448907
1887,0.00010307366756023839
1888,0.00010286071483278647
1889,0.00010272916551912203
1890,0.00010258451220579445
1891,0.0001024382800096646
1892,0.00010230128100374714
1893,0.00010218035458819941
1894,0.00010207492596236989
1895,0.00010197552182944492
1896,0.0001019020564854145
1897,0.00010182104597333819
1898,0.00010174078488489613
1899,0.00010164579725824296
1900,0.0001016050300677307
1901,0.00010223126446362585
1902,0.0001015854359138757
1903,0.00010154061601497233
1904,0.0001014526205835864
1905,0.00010139109508600086
1906,0.00010132364695891738
1907,0.00010128472786163911
1908,0.0001012729262583889
1909,0.00010125283733941615
1910,0.00010122966341441497
1911,0.00010121209925273433
1912,0.00010120499064214528
1913,0.00010119334910996258
1914,0.00010118695354321972
1915,0.00010116612975252792
1916,0.00010115172335645184
1917,0.00010112783638760448
1918,0.00010109422146342695
1919,0.00010106938862008974
1920,0.00010103062959387898
1921,0.00010105990077136084
1922,0.00010102703527081758
1923,0.00010099716746481135
1924,0.00010098485654452816
1925,0.00010096802725456655
1926,0.00010094626486534253
1927,0.00010091900185216218
1928,0.00010089452553074807
1929,0.00010088142880704254
1930,0.00010085492249345407
1931,0.00010084608948091045
1932,0.00010083071538247168
1933,0.00010081347863888368
1934,0.00010080721403937787
1935,0.00010078796913148835
1936,0.00010077642218675464
1937,0.00010076577018480748
1938,0.00010075359750771895
1939,0.00010073634621221572
1940,0.00010070785356219858
1941,0.00010069399286294356
1942,0.00010064669186249375
1943,0.00010059405758511275
1944,0.00010052147263195366
1945,0.00010047345858765766
1946,0.00010040825873147696
1947,0.00010033518628915772
1948,0.00010025142546510324
1949,0.00010027621465269476
1950,0.00010021458001574501
1951,0.00010015433508669958
1952,0.00010005493822973222
1953,9.996691369451582e-05
1954,9.99564363155514e-05
1955,9.991720435209572e-05
1956,9.985348879126832e-05
1957,9.97835086309351e-05
1958,9.97694005491212e-05
1959,9.965399658540264e-05
1960,9.960812167264521e-05
1961,9.953531116480008e-05
1962,9.945643978426233e-05
1963,9.937369759427384e-05
1964,9.938121365848929e-05
1965,9.934685658663511e-05
1966,9.931356180459261e-05
1967,9.927699284162372e-05
1968,9.925491031026468e-05
1969,9.923522884491831e-05
1970,9.920189040713012e-05
1971,9.91696651908569e-05
1972,9.913890244206414e-05
1973,9.909164509736001e-05
1974,9.906166815198958e-05
1975,9.902659803628922e-05
1976,9.898949065245688e-05
1977,9.895600669551641e-05
1978,9.893390961224213e-05
1979,9.890259389067069e-05
1980,9.891312947729602e-05
1981,9.889085777103901e-05
1982,9.885891631711274e-05
1983,9.881671576295048e-05
1984,9.87818420981057e-05
1985,9.874084207694978e-05
1986,9.871112706605345e-05
1987,9.868525376077741e-05
1988,9.865270840236917e-05
1989,9.860844147624448e-05
1990,9.858545672614127e-05
1991,9.853100345935673e-05
1992,9.84894868452102e-05
1993,9.84072030405514e-05
1994,9.827443864196539e-05
1995,9.814692020881921e-05
1996,9.802802378544584e-05
1997,9.790361946215853e-05
1998,9.774125646799803e-05
1999,9.780706750461832e-05
2000,9.76619849097915e-05
2001,9.763120033312589e-05
2002,9.75019356701523e-05
2003,9.739934466779232e-05
2004,9.730685269460082e-05
2005,9.716429485706612e-05
2006,9.706638957140967e-05
2007,9.684950055088848e-05
2008,9.66364168561995e-05
2009,9.666076221037656e-05
2010,9.648048580856994e-05
2011,9.629578562453389e-05
2012,9.646997932577506e-05
2013,9.614128794055432e-05
2014,9.593542927177623e-05
2015,9.576852608006448e-05
2016,9.550745016895235e-05
2017,9.538981976220384e-05
2018,9.52227710513398e-05
2019,9.51099646044895e-05
2020,9.49069726630114e-05
2021,9.471948578720912e-05
2022,9.44811399676837e-05
2023,9.418008994543925e-05
2024,9.390734339831397e-05
2025,9.364091965835541e-05
2026,9.340660471934825e-05
2027,9.311871690442786e-05
2028,9.28323861444369e-05
2029,9.252491872757673e-05
2030,9.235537436325103e-05
2031,9.226459951605648e-05
2032,9.22078761504963e-05
2033,9.215891623171046e-05
2034,9.20977327041328e-05
2035,9.204372327076271e-05
2036,9.200048953061923e-05
2037,9.195597522193566e-05
2038,9.190633136313409e-05
2039,9.186428360408172e-05
2040,9.180593769997358e-05
2041,9.176766616292298e-05
2042,9.1733512817882e-05
2043,9.168413816951215e-05
2044,9.16128046810627e-05
2045,9.152446000371128e-05
2046,9.140179463429376e-05
2047,9.124541975324973e-05
2048,9.104485798161477e-05
2049,9.084543853532523e-05
2050,9.071894601220265e-05
2051,9.107155347010121e-05
2052,9.058607975021005e-05
2053,9.043357567861676e-05
2054,9.026660700328648e-05
2055,9.012571536004543e-05
2056,8.989473280962557e-05
2057,8.961848652688786e-05
2058,8.933639037422836e-05
2059,8.900425746105611e-05
2060,8.909466851036996e-05
2061,8.892118057701737e-05
2062,8.866493590176105e-05
2063,8.852946484694257e-05
2064,8.838741632644087e-05
2065,8.827300189295784e-05
2066,8.816509216558188e-05
2067,8.807222184259444e-05
2068,8.796626207185909e-05
2069,8.782187796896324e-05
2070,8.76971535035409e-05
2071,8.754610462347046e-05
2072,8.765676466282457e-05
2073,8.743844227865338e-05
2074,8.728180546313524e-05
2075,8.709340181667358e-05
2076,8.69365394464694e-05
2077,8.675578283146024e-05
2078,8.663989865453914e-05
2079,8.679948223289102e-05
2080,8.656409772811458e-05
2081,8.644778426969424e-05
2082,8.630457887193188e-05
2083,8.614901162218302e-05
2084,8.603666356066242e-05
2085,8.592213998781517e-05
2086,8.581476868130267e-05
2087,8.573594823246822e-05
2088,8.566366886952892e-05
2089,8.556219836464152e-05
2090,8.546806930098683e-05
2091,8.541158604202792e-05
2092,8.534498192602769e-05
2093,8.530673221684992e-05
2094,8.525433804607019e-05
2095,8.52111479616724e-05
2096,8.51658551255241e-05
2097,8.51411750772968e-05
2098,8.508357859682292e-05
2099,8.500994590576738e-05
2100,8.491628977935761e-05
2101,8.48281997605227e-05
2102,8.475650247419253e-05
2103,8.472310582874343e-05
2104,8.467370207654312e-05
2105,8.462996629532427e-05
2106,8.458637603325769e-05
2107,8.452841575490311e-05
2108,8.450988389085978e-05
2109,8.446287392871454e-05
2110,8.442753460258245e-05
2111,8.439766679657623e-05
2112,8.44723908812739e-05
2113,8.439196244580671e-05
2114,8.437006181338802e-05
2115,8.434018673142418e-05
2116,8.430029993178323e-05
2117,8.426258864346892e-05
2118,8.421303209615871e-05
2119,8.415282354690135e-05
2120,8.410990994889289e-05
2121,8.408117719227448e-05
2122,8.405545668210834e-05
2123,8.40187567519024e-05
2124,8.40713910292834e-05
2125,8.400655497098342e-05
2126,8.3980688941665e-05
2127,8.395205804845318e-05
2128,8.39339045342058e-05
2129,8.392357267439365e-05
2130,8.389366121264175e-05
2131,8.387825801037252e-05
2132,8.385442924918607e-05
2133,8.383764361497015e-05
2134,8.382034138776362e-05
2135,8.380388317164034e-05
2136,8.379090286325663e-05
2137,8.377642370760441e-05
2138,8.375354809686542e-05
2139,8.372690354008228e-05
2140,8.368107955902815e-05
2141,8.366113615920767e-05
2142,8.364838140551001e-05
2143,8.362629159819335e-05
2144,8.360008359886706e-05
2145,8.355705358553678e-05
2146,8.353802695637569e-05
2147,8.351448195753619e-05
2148,8.348861592821777e-05
2149,8.347318362211809e-05
2150,8.3464416093193e-05
2151,8.344903471879661e-05
2152,8.344536036020145e-05
2153,8.343575609615073e-05
2154,8.34236852824688e-05
2155,8.340741624124348e-05
2156,8.339413034263998e-05
2157,8.337826147908345e-05
2158,8.336995233548805e-05
2159,8.335844904650003e-05
2160,8.335049642482772e-05
2161,8.333638106705621e-05
2162,8.331928984262049e-05
2163,8.328779222210869e-05
2164,8.324548252858222e-05
2165,8.322673966176808e-05
2166,8.320902998093516e-05
2167,8.320128836203367e-05
2168,8.31900688353926e-05
2169,8.317849278682843e-05
2170,8.317107858601958e-05
2171,8.316127787111327e-05
2172,8.31488796393387e-05
2173,8.313331636600196e-05
2174,8.310253178933635e-05
2175,8.30816279631108e-05
2176,8.304676157422364e-05
2177,8.301576599478722e-05
2178,8.295814041048288e-05
2179,8.292276470456272e-05
2180,8.286838419735432e-05
2181,8.280079055111855e-05
2182,8.270572288893163e-05
2183,8.26054674689658e-05
2184,8.269497629953548e-05
2185,8.25712486403063e-05
2186,8.247105142800137e-05
2187,8.241285831900313e-05
2188,8.226705540437251e-05
2189,8.215145498979837e-05
2190,8.204875484807417e-05
2191,8.188863284885883e-05
2192,8.175988477887586e-05
2193,8.161854202626273e-05
2194,8.152735244948417e-05
2195,8.155239629559219e-05
2196,8.14870436443016e-05
2197,8.142729348037392e-05
2198,8.139057172229514e-05
2199,8.135904499795288e-05
2200,8.13101651147008e-05
2201,8.125750173348933e-05
2202,8.122668077703565e-05
2203,8.109511691145599e-05
2204,8.102937863441184e-05
2205,8.118531695799902e-05
2206,8.099093975033611e-05
2207,8.091326162684709e-05
2208,8.078454266069457e-05
2209,8.104158041533083e-05
2210,8.07481337687932e-05
2211,8.081120904535055e-05
2212,8.066889131441712e-05
2213,8.33340163808316e-05
2214,8.055755461100489e-05
2215,8.037584484554827e-05
2216,8.00298439571634e-05
2217,7.998001092346385e-05
2218,7.963734242366627e-05
2219,7.941058720462024e-05
2220,7.921076758066192e-05
2221,7.896844908827916e-05
2222,7.872362766647711e-05
2223,7.853177521610633e-05
2224,7.816380093572661e-05
2225,7.778963481541723e-05
2226,7.754265971016139e-05
2227,7.734778773738071e-05
2228,7.713406375842169e-05
2229,7.707945042056963e-05
2230,7.679624832235277e-05
2231,7.670310151297599e-05
2232,7.64766227803193e-05
2233,7.626295700902119e-05
2234,7.602545520057902e-05
2235,7.586033461848274e-05
2236,7.565217674709857e-05
2237,7.547099085059017e-05
2238,7.531679148087278e-05
2239,7.518500933656469e-05
2240,7.507747795898467e-05
2241,7.498378545278683e-05
2242,7.493656448787078e-05
2243,7.489166455343366e-05
2244,7.48234597267583e-05
2245,7.474303129129112e-05
2246,7.472726429114118e-05
2247,7.462697976734489e-05
2248,7.454877049895003e-05
2249,7.449486292898655e-05
2250,7.445448136422783e-05
2251,7.443739013979211e-05
2252,7.441936759278178e-05
2253,7.440015906468034e-05
2254,7.438148895744234e-05
2255,7.434887811541557e-05
2256,7.43071868782863e-05
2257,7.427600212395191e-05
2258,7.424710202030838e-05
2259,7.422073394991457e-05
2260,7.418174209306017e-05
2261,7.412896229652688e-05
2262,7.408247620332986e-05
2263,7.404998177662492e-05
2264,7.401379843940958e-05
2265,7.400094182230532e-05
2266,7.398239540634677e-05
2267,7.397197623504326e-05
2268,7.396356522804126e-05
2269,7.395605643978342e-05
2270,7.394976273644716e-05
2271,7.394073327304795e-05
2272,7.392631960101426e-05
2273,7.400463800877333e-05
2274,7.391610415652394e-05
2275,7.389555685222149e-05
2276,7.38686285330914e-05
2277,7.383755291812122e-05
2278,7.381360774161294e-05
2279,7.378288137260824e-05
2280,7.37675218260847e-05
2281,7.375655695796013e-05
2282,7.374877168331295e-05
2283,7.375989662250504e-05
2284,7.374706183327362e-05
2285,7.373333210125566e-05
2286,7.371741958195344e-05
2287,7.3707036790438e-05
2288,7.369079685304314e-05
2289,7.367716898443177e-05
2290,7.366554200416431e-05
2291,7.365940837189555e-05
2292,7.364761404460296e-05
2293,7.363995973719284e-05
2294,7.362859469139948e-05
2295,7.360611198237166e-05
2296,7.358145376201719e-05
2297,7.353853288805112e-05
2298,7.349827501457185e-05
2299,7.3454953962937e-05
2300,7.342195749515668e-05
2301,7.336511043831706e-05
2302,7.329666550504044e-05
2303,7.328850915655494e-05
2304,7.323003228520975e-05
2305,7.312186062335968e-05
2306,7.297778938664123e-05
2307,7.287357584573328e-05
2308,7.279018609551713e-05
2309,7.268602348631248e-05
2310,7.25906720617786e-05
2311,7.253445801325142e-05
2312,7.245573215186596e-05
2313,7.241539424285293e-05
2314,7.239288242999464e-05
2315,7.29829553165473e-05
2316,7.231751806102693e-05
2317,7.223545981105417e-05
2318,7.217916572699323e-05
2319,7.212688069557771e-05
2320,7.204640860436484e-05
2321,7.197089144028723e-05
2322,7.18555529601872e-05
2323,7.178155647125095e-05
2324,7.17228467692621e-05
2325,7.168866432039067e-05
2326,7.165694842115045e-05
2327,7.16264039510861e-05
2328,7.158612424973398e-05
2329,7.153156911954284e-05
2330,7.151209865696728e-05
2331,7.145493145799264e-05
2332,7.143123366404325e-05
2333,7.141059177229181e-05
2334,7.138266664696857e-05
2335,7.135619671316817e-05
2336,7.131990423658863e-05
2337,7.152742182370275e-05
2338,7.128650031518191e-05
2339,7.128422294044867e-05
2340,7.124731928342953e-05
2341,7.11738393874839e-05
2342,7.107915007509291e-05
2343,7.100876973709092e-05
2344,7.098833157215267e-05
2345,7.093573367455974e-05
2346,7.090379949659109e-05
2347,7.086520781740546e-05
2348,7.081891089910641e-05
2349,7.076106703607365e-05
2350,7.06802966305986e-05
2351,7.060977804940194e-05
2352,7.055633614072576e-05
2353,7.050094427540898e-05
2354,7.040961645543575e-05
2355,7.030025153653696e-05
2356,7.017386087682098e-05
2357,7.011640263954177e-05
2358,7.006499072303995e-05
2359,7.000390178291127e-05
2360,6.997528544161469e-05
2361,6.992982525844127e-05
2362,6.988554378040135e-05
2363,6.98121584719047e-05
2364,6.9716690632049e-05
2365,6.964890053495765e-05
2366,6.958296580705792e-05
2367,6.952048715902492e-05
2368,6.948681402718648e-05
2369,6.94411646691151e-05
2370,6.940655293874443e-05
2371,6.935376586625353e-05
2372,6.931465759407729e-05
2373,6.928067159606144e-05
2374,6.925134221091866e-05
2375,6.920622399775311e-05
2376,6.917474092915654e-05
2377,6.915698031662032e-05
2378,6.911853415658697e-05
2379,6.909364310558885e-05
2380,6.907033821335062e-05
2381,6.904999463586137e-05
2382,6.902737368363887e-05
2383,6.899879372213036e-05
2384,6.896935519762337e-05
2385,6.907041097292677e-05
2386,6.895304250065237e-05
2387,6.892257806612179e-05
2388,6.887136987643316e-05
2389,6.894679245306179e-05
2390,6.88550207996741e-05
2391,6.881299486849457e-05
2392,6.872825906611979e-05
2393,6.868560012662783e-05
2394,6.866009789519012e-05
2395,6.860386929474771e-05
2396,6.857969128759578e-05
2397,6.855647370684892e-05
2398,6.85394843458198e-05
2399,6.848855991847813e-05
2400,6.846858013886958e-05
2401,6.842398579465225e-05
2402,6.839131674496457e-05
2403,6.834394298493862e-05
2404,6.831157952547073e-05
2405,6.827603647252545e-05
2406,6.824739830335602e-05
2407,6.82187092024833e-05
2408,6.819719419581816e-05
2409,6.815178494434804e-05
2410,6.811740604462102e-05
2411,6.807386671425775e-05
2412,6.803706492064521e-05
2413,6.80037192068994e-05
2414,6.796424713684246e-05
2415,6.79335425957106e-05
2416,6.789855979150161e-05
2417,6.785793812014163e-05
2418,6.780104013159871e-05
2419,6.771527841920033e-05
2420,6.766497244825587e-05
2421,6.761853001080453e-05
2422,6.758770177839324e-05
2423,6.756478978786618e-05
2424,6.755158392479643e-05
2425,6.753557681804523e-05
2426,6.75193005008623e-05
2427,6.74958064337261e-05
2428,6.746204599039629e-05
2429,6.742616824340075e-05
2430,6.737882358720526e-05
2431,6.731699249939993e-05
2432,6.726606079610065e-05
2433,6.722331454511732e-05
2434,6.718420627294108e-05
2435,6.7115732235834e-05
2436,6.703008693875745e-05
2437,6.697279604850337e-05
2438,6.684782420052215e-05
2439,6.680577644146979e-05
2440,6.672564632026479e-05
2441,6.667452544206753e-05
2442,6.66135674691759e-05
2443,6.656961340922862e-05
2444,6.650797877227888e-05
2445,6.641133950324729e-05
2446,6.634592136833817e-05
2447,6.636085163336247e-05
2448,6.630356074310839e-05
2449,6.622012006118894e-05
2450,6.607911927858368e-05
2451,6.598007894353941e-05
2452,6.593169382540509e-05
2453,6.590483098989353e-05
2454,6.583160575246438e-05
2455,6.578558532055467e-05
2456,6.572269921889529e-05
2457,6.566394586116076e-05
2458,6.562716589542106e-05
2459,6.557931919815019e-05
2460,6.550977559527382e-05
2461,6.541804759763181e-05
2462,6.542899791384116e-05
2463,6.538767775055021e-05
2464,6.53495590086095e-05
2465,6.53240131214261e-05
2466,6.53072856948711e-05
2467,6.528477388201281e-05
2468,6.525214848807082e-05
2469,6.51975569780916e-05
2470,6.512833351735026e-05
2471,6.502772885141894e-05
2472,6.506039790110663e-05
2473,6.495170237030834e-05
2474,6.48931018076837e-05
2475,6.485773337772116e-05
2476,6.48049681331031e-05
2477,6.477445276686922e-05
2478,6.472777022281662e-05
2479,6.46671760478057e-05
2480,6.463694444391876e-05
2481,6.458461575675756e-05
2482,6.45305699435994e-05
2483,6.447332998504862e-05
2484,6.441843288484961e-05
2485,6.438325362978503e-05
2486,6.433685484807938e-05
2487,6.427009793696925e-05
2488,6.42151790088974e-05
2489,6.412187940441072e-05
2490,6.408453918993473e-05
2491,6.398591358447447e-05
2492,6.39371428405866e-05
2493,6.387089524650946e-05
2494,6.381291314028203e-05
2495,6.377818499458954e-05
2496,6.372479401761666e-05
2497,6.367268360918388e-05
2498,6.35639444226399e-05
2499,6.345137080643326e-05
2500,6.333417695714161e-05
2501,6.324719288386405e-05
2502,6.316225335467607e-05
2503,6.309458694886416e-05
2504,6.30585927865468e-05
2505,6.300612585619092e-05
2506,6.296450010268018e-05
2507,6.291646423051134e-05
2508,6.285300332820043e-05
2509,6.276745261857286e-05
2510,6.262504757614806e-05
2511,6.269876030273736e-05
2512,6.25759712420404e-05
2513,6.249579746508971e-05
2514,6.236901390366256e-05
2515,6.2306244217325e-05
2516,6.239557114895433e-05
2517,6.227569974726066e-05
2518,6.221979856491089e-05
2519,6.2174403865356e-05
2520,6.211891741259024e-05
2521,6.203050725162029e-05
2522,6.193419540068135e-05
2523,6.184595258673653e-05
2524,6.178791227284819e-05
2525,6.170715641928837e-05
2526,6.165148806758225e-05
2527,6.156183371786028e-05
2528,6.147321255411953e-05
2529,6.13436204730533e-05
2530,6.126771768322214e-05
2531,6.115262658568099e-05
2532,6.108129309723154e-05
2533,6.0997772379778326e-05
2534,6.096063589211553e-05
2535,6.087156725698151e-05
2536,6.0826911067124456e-05
2537,6.0776073951274157e-05
2538,6.0725076764356345e-05
2539,6.067158392397687e-05
2540,6.061481690267101e-05
2541,6.054907134966925e-05
2542,6.046269481885247e-05
2543,6.03765292908065e-05
2544,6.0286849475232884e-05
2545,6.020783621352166e-05
2546,6.012077574268915e-05
2547,6.0044498241040856e-05
2548,5.997047628625296e-05
2549,5.9885445807594806e-05
2550,5.987141776131466e-05
2551,5.982189759379253e-05
2552,5.97810503677465e-05
2553,5.9733698435593396e-05
2554,5.968545883661136e-05
2555,5.965614764136262e-05
2556,5.963738294667564e-05
2557,5.962160139461048e-05
2558,5.9587433497654274e-05
2559,5.954533480689861e-05
2560,5.9518533817026764e-05
2561,5.950150080025196e-05
2562,5.9484722441993654e-05
2563,5.9466132370289415e-05
2564,5.9449706895975396e-05
2565,5.943050200585276e-05
2566,5.9400685131549835e-05
2567,5.937231253483333e-05
2568,5.9483994846232235e-05
2569,5.936647721682675e-05
2570,5.934855653322302e-05
2571,5.9333222452551126e-05
2572,5.930088445893489e-05
2573,5.9268953918945044e-05
2574,5.9231424529571086e-05
2575,5.9186968428548425e-05
2576,5.91604330111295e-05
2577,5.9120557125424966e-05
2578,5.909358151257038e-05
2579,5.9110301663167775e-05
2580,5.9082780353492126e-05
2581,5.9061567299067974e-05
2582,5.905324360355735e-05
2583,5.903556302655488e-05
2584,5.902364500798285e-05
2585,5.899881216464564e-05
2586,5.8982135669793934e-05
2587,5.896268703509122e-05
2588,5.893133857171051e-05
2589,5.890808824915439e-05
2590,5.886719372938387e-05
2591,5.883754784008488e-05
2592,5.88097536819987e-05
2593,5.8783116401173174e-05
2594,5.875551141798496e-05
2595,5.872410474694334e-05
2596,5.8690588048193604e-05
2597,5.866788706043735e-05
2598,5.862780744791962e-05
2599,5.858912845724262e-05
2600,5.8532361435936764e-05
2601,5.846945714438334e-05
2602,5.8423080190550536e-05
2603,5.843848339281976e-05
2604,5.8397989050718024e-05
2605,5.8370267652207986e-05
2606,5.8339821407571435e-05
2607,5.831133603351191e-05
2608,5.826193591929041e-05
2609,5.822374805575237e-05
2610,5.817760757054202e-05
2611,5.8061959862243384e-05
2612,5.802751911687665e-05
2613,5.792172305518761e-05
2614,5.78906292503234e-05
2615,5.784630047855899e-05
2616,5.781339496024884e-05
2617,5.776946636615321e-05
2618,5.7727342209545895e-05
2619,5.767218681285158e-05
2620,5.763131775893271e-05
2621,5.7582139561418444e-05
2622,5.753604636993259e-05
2623,5.7465418649371713e-05
2624,5.759464329457842e-05
2625,5.741871791542508e-05
2626,5.736590537708253e-05
2627,5.731108831241727e-05
2628,5.725503069697879e-05
2629,5.719078762922436e-05
2630,5.7168967032339424e-05
2631,5.7107044995063916e-05
2632,5.708280150429346e-05
2633,5.7059973187278956e-05
2634,5.701544796465896e-05
2635,5.697988308384083e-05
2636,5.6935336033347994e-05
2637,5.685108408215456e-05
2638,5.685005453415215e-05
2639,5.681306720362045e-05
2640,5.6749289797153324e-05
2641,5.6689219491090626e-05
2642,5.661786053678952e-05
2643,5.65775299037341e-05
2644,5.654004053212702e-05
2645,5.6509201385779306e-05
2646,5.646940553560853e-05
2647,5.640307063004002e-05
2648,5.634568151435815e-05
2649,5.629632869386114e-05
2650,5.625932681141421e-05
2651,5.6241398851852864e-05
2652,5.623214747174643e-05
2653,5.620819501928054e-05
2654,5.619398143608123e-05
2655,5.618132490781136e-05
2656,5.61571832804475e-05
2657,5.613841858576052e-05
2658,5.6149870943045244e-05
2659,5.6121760280802846e-05
2660,5.609351865132339e-05
2661,5.6051736464723945e-05
2662,5.611403321381658e-05
2663,5.603518366115168e-05
2664,5.597885319730267e-05
2665,5.59036634513177e-05
2666,5.583206075243652e-05
2667,5.576447438215837e-05
2668,5.5703974794596434e-05
2669,5.5659427744103596e-05
2670,5.5620686907786876e-05
2671,5.558577322517522e-05
2672,5.555374445975758e-05
2673,5.553309165406972e-05
2674,5.551873618969694e-05
2675,5.5509019148303196e-05
2676,5.54879370611161e-05
2677,5.546166357817128e-05
2678,5.541989958146587e-05
2679,5.535849049920216e-05
2680,5.530166527023539e-05
2681,5.526185850612819e-05
2682,5.5208027333719656e-05
2683,5.513109135790728e-05
2684,5.496625090017915e-05
2685,5.4872809414519e-05
2686,5.477784725371748e-05
2687,5.4665852076141164e-05
2688,5.468662493512966e-05
2689,5.462166518555023e-05
2690,5.455120117403567e-05
2691,5.448724186862819e-05
2692,5.441428584163077e-05
2693,5.4387786803999916e-05
2694,5.4315310990205035e-05
2695,5.426515781437047e-05
2696,5.411607708083466e-05
2697,5.400100053520873e-05
2698,5.3943054808769375e-05
2699,5.37900414201431e-05
2700,5.373074964154512e-05
2701,5.3701282013207674e-05
2702,5.364293247112073e-05
2703,5.3610016038874164e-05
2704,5.3565559937851503e-05
2705,5.353766027837992e-05
2706,5.350661012926139e-05
2707,5.347657133825123e-05
2708,5.343886004993692e-05
2709,5.33978090970777e-05
2710,5.336005051503889e-05
2711,5.329942359821871e-05
2712,5.3270694479579106e-05
2713,5.320883064996451e-05
2714,5.3130468586459756e-05
2715,5.305028389557265e-05
2716,5.3058378398418427e-05
2717,5.2996347221778706e-05
2718,5.296921153785661e-05
2719,5.293138019624166e-05
2720,5.289080581860617e-05
2721,5.285271618049592e-05
2722,5.283681093715131e-05
2723,5.2807961765211076e-05
2724,5.277928721625358e-05
2725,5.27220472577028e-05
2726,5.265996151138097e-05
2727,5.260972466203384e-05
2728,5.269606481306255e-05
2729,5.2586914534913376e-05
2730,5.255352152744308e-05
2731,5.2521845645969734e-05
2732,5.2487906941678375e-05
2733,5.2441275329329073e-05
2734,5.239057645667344e-05
2735,5.23313028679695e-05
2736,5.234843411017209e-05
2737,5.230976239545271e-05
2738,5.22787231602706e-05
2739,5.22612281201873e-05
2740,5.224456253927201e-05
2741,5.2227933338144794e-05
2742,5.220801176619716e-05
2743,5.219044760451652e-05
2744,5.217468424234539e-05
2745,5.216510544414632e-05
2746,5.215337296249345e-05
2747,5.2143783250357956e-05
2748,5.212786345509812e-05
2749,5.2158920880174264e-05
2750,5.211887037148699e-05
2751,5.211606185184792e-05
2752,5.210479139350355e-05
2753,5.209135269979015e-05
2754,5.206299465498887e-05
2755,5.2025563491042703e-05
2756,5.1983392040710896e-05
2757,5.1930343033745885e-05
2758,5.1914495998062193e-05
2759,5.187276110518724e-05
2760,5.185552436159924e-05
2761,5.183405301067978e-05
2762,5.181957021704875e-05
2763,5.180767038837075e-05
2764,5.17937914992217e-05
2765,5.179715662961826e-05
2766,5.178710853215307e-05
2767,5.176611739443615e-05
2768,5.174754187464714e-05
2769,5.170119402464479e-05
2770,5.1688279199879616e-05
2771,5.166597111383453e-05
2772,5.1654220442287624e-05
2773,5.1638580771395937e-05
2774,5.1599203288787976e-05
2775,5.157716077519581e-05
2776,5.15586398250889e-05
2777,5.1526851166272536e-05
2778,5.1496928790584207e-05
2779,5.1473944040481e-05
2780,5.145959585206583e-05
2781,5.145395698491484e-05
2782,5.144118040334433e-05
2783,5.1432809414109215e-05
2784,5.1419487135717645e-05
2785,5.1392580644460395e-05
2786,5.134166349307634e-05
2787,5.134839375386946e-05
2788,5.1324404921615496e-05
2789,5.129484270582907e-05
2790,5.1276885642437264e-05
2791,5.1254570280434564e-05
2792,5.122152288095094e-05
2793,5.119968773215078e-05
2794,5.1179587899241596e-05
2795,5.115362728247419e-05
2796,5.1135270041413605e-05
2797,5.110220081405714e-05
2798,5.115623935125768e-05
2799,5.1092763897031546e-05
2800,5.106420212541707e-05
2801,5.1036062359344214e-05
2802,5.099742338643409e-05
2803,5.096864697407e-05
2804,5.094349762657657e-05
2805,5.091601997264661e-05
2806,5.08887751493603e-05
2807,5.09100646013394e-05
2808,5.087043973617256e-05
2809,5.084419171907939e-05
2810,5.0824732170440257e-05
2811,5.0811398978112265e-05
2812,5.080108530819416e-05
2813,5.078940012026578e-05
2814,5.077169043943286e-05
2815,5.0750983064062893e-05
2816,5.072171552455984e-05
2817,5.069195321993902e-05
2818,5.0654438382480294e-05
2819,5.062465788796544e-05
2820,5.0592516345204785e-05
2821,5.056332520325668e-05
2822,5.0526956329122186e-05
2823,5.049294850323349e-05
2824,5.0447975809220225e-05
2825,5.039165262132883e-05
2826,5.036055517848581e-05
2827,5.0321134040132165e-05
2828,5.028779196436517e-05
2829,5.025940845371224e-05
2830,5.022801997256465e-05
2831,5.0182559789391235e-05
2832,5.012184919905849e-05
2833,5.0068840209860355e-05
2834,5.002530451747589e-05
2835,5.0006434321403503e-05
2836,4.993646507500671e-05
2837,4.9910799134522676e-05
2838,4.987719876226038e-05
2839,4.984480983694084e-05
2840,4.982452082913369e-05
2841,4.980822268407792e-05
2842,4.9794831284089014e-05
2843,4.9780683184508234e-05
2844,4.9764585128286853e-05
2845,4.974977491656318e-05
2846,4.9738813686417416e-05
2847,4.973196337232366e-05
2848,4.9713460612110794e-05
2849,4.9702986871125177e-05
2850,4.968677239958197e-05
2851,4.967735367245041e-05
2852,4.970285954186693e-05
2853,4.966638152836822e-05
2854,4.9646008847048506e-05
2855,4.9625432438915595e-05
2856,4.9599802878219634e-05
2857,4.9575661250855774e-05
2858,4.9558711907593533e-05
2859,4.953793541062623e-05
2860,4.951825030730106e-05
2861,4.9495076382299885e-05
2862,4.947571869706735e-05
2863,4.946100671077147e-05
2864,4.94640989927575e-05
2865,4.943412932334468e-05
2866,4.940781946061179e-05
2867,4.9369686166755855e-05
2868,4.934364551445469e-05
2869,4.93165644002147e-05
2870,4.9277106882072985e-05
2871,4.9375303206034005e-05
2872,4.92547478643246e-05
2873,4.9188820412382483e-05
2874,4.911473661195487e-05
2875,4.907085167360492e-05
2876,4.907321999780834e-05
2877,4.903769513475709e-05
2878,4.898417319054715e-05
2879,4.888983676210046e-05
2880,4.8764912207843736e-05
2881,4.866120798396878e-05
2882,4.868622272624634e-05
2883,4.864064248977229e-05
2884,4.861832712776959e-05
2885,4.857621024711989e-05
2886,4.8559679271420464e-05
2887,4.85184536955785e-05
2888,4.845216972171329e-05
2889,4.8422327381558716e-05
2890,4.8386777052655816e-05
2891,4.836653170059435e-05
2892,4.833697312278673e-05
2893,4.830507896258496e-05
2894,4.8273603169946e-05
2895,4.8236659495159984e-05
2896,4.8256686568493024e-05
2897,4.8212790716206655e-05
2898,4.8176814743783325e-05
2899,4.8154259275179356e-05
2900,4.812655606656335e-05
2901,4.808203084394336e-05
2902,4.802193507202901e-05
2903,4.794920823769644e-05
2904,4.789504600921646e-05
2905,4.785484270541929e-05
2906,4.7817204176681116e-05
2907,4.7792298573767766e-05
2908,4.776354762725532e-05
2909,4.774660192197189e-05
2910,4.7726451157359406e-05
2911,4.770537998410873e-05
2912,4.7686960897408426e-05
2913,4.767362406710163e-05
2914,4.7665471356594935e-05
2915,4.765699486597441e-05
2916,4.764585173688829e-05
2917,4.762942990055308e-05
2918,4.761737000080757e-05
2919,4.7689925850136206e-05
2920,4.761201489600353e-05
2921,4.7591969632776454e-05
2922,4.75674205517862e-05
2923,4.754743349622004e-05
2924,4.75247397844214e-05
2925,4.750607331516221e-05
2926,4.749045547214337e-05
2927,4.7470704885199666e-05
2928,4.744247053167783e-05
2929,4.7409550461452454e-05
2930,4.776064452016726e-05
2931,4.739050564239733e-05
2932,4.73557629447896e-05
2933,4.731187436846085e-05
2934,4.7261055442504585e-05
2935,4.7215660742949694e-05
2936,4.718585478258319e-05
2937,4.715408431366086e-05
2938,4.7132562031038105e-05
2939,4.711667861556634e-05
2940,4.709760833065957e-05
2941,4.7075609472813085e-05
2942,4.705480387201533e-05
2943,4.7043075028341264e-05
2944,4.7067365812836215e-05
2945,4.703845115727745e-05
2946,4.7020894271554425e-05
2947,4.70061568194069e-05
2948,4.7010238631628454e-05
2949,4.6988585381768644e-05
2950,4.6964203647803515e-05
2951,4.6938472223700956e-05
2952,4.691543654189445e-05
2953,4.687972614192404e-05
2954,4.684333907789551e-05
2955,4.678166442317888e-05
2956,4.6760505938436836e-05
2957,4.673076909966767e-05
2958,4.670199268730357e-05
2959,4.666505628847517e-05
2960,4.662835635826923e-05
2961,4.658120087697171e-05
2962,4.653449650504626e-05
2963,4.649468246498145e-05
2964,4.648308822652325e-05
2965,4.642158455681056e-05
2966,4.639173494069837e-05
2967,4.6349072363227606e-05
2968,4.631072442862205e-05
2969,4.6265824494184926e-05
2970,4.661522325477563e-05
2971,4.623885979526676e-05
2972,4.617535159923136e-05
2973,4.613667988451198e-05
2974,4.611567055690102e-05
2975,4.610081668943167e-05
2976,4.607704977388494e-05
2977,4.605807043844834e-05
2978,4.602399349096231e-05
2979,4.5983222662471235e-05
2980,4.5934611989650875e-05
2981,4.5904715079814196e-05
2982,4.58894828625489e-05
2983,4.5867265725973994e-05
2984,4.583979898598045e-05
2985,4.5820379455108196e-05
2986,4.580686436383985e-05
2987,4.57972455478739e-05
2988,4.577083745971322e-05
2989,4.5753695303574204e-05
2990,4.57519490737468e-05
2991,4.570542660076171e-05
2992,4.573206388158724e-05
2993,4.5685170334763825e-05
2994,4.565672134049237e-05
2995,4.5624412450706586e-05
2996,4.560107481665909e-05
2997,4.5569522626465186e-05
2998,4.555203122436069e-05
2999,4.55395711469464e-05
3000,4.5526056055678055e-05
3001,4.551736856228672e-05
3002,4.550353332888335e-05
3003,4.548370270640589e-05
3004,4.546630952972919e-05
3005,4.545674528344534e-05
3006,4.5412773033604026e-05
3007,4.53890097560361e-05
3008,4.535859989118762e-05
3009,4.531827289611101e-05
3010,4.529744910541922e-05
3011,4.525460099102929e-05
3012,4.52393178420607e-05
3013,4.521298251347616e-05
3014,4.5191503886599094e-05
3015,4.517577326623723e-05
3016,4.5154127292335033e-05
3017,4.513337626121938e-05
3018,4.510192957241088e-05
3019,4.506401819526218e-05
3020,4.504582830122672e-05
3021,4.501066359807737e-05
3022,4.4986343709751964e-05
3023,4.495919347391464e-05
3024,4.492484367801808e-05
3025,4.4893986341776326e-05
3026,4.4859025365440175e-05
3027,4.4825013901572675e-05
3028,4.48336977569852e-05
3029,4.4800795876653865e-05
3030,4.476717731449753e-05
3031,4.473693115869537e-05
3032,4.47113998234272e-05
3033,4.4694170355796814e-05
3034,4.467861435841769e-05
3035,4.464810263016261e-05
3036,4.463203003979288e-05
3037,4.459413685253821e-05
3038,4.456290844245814e-05
3039,4.453590008779429e-05
3040,4.451337008504197e-05
3041,4.448572872206569e-05
3042,4.4467757106758654e-05
3043,4.4452994188759476e-05
3044,4.44365905423183e-05
3045,4.442351928446442e-05
3046,4.453757719602436e-05
3047,4.440556949703023e-05
3048,4.437564348336309e-05
3049,4.4328782678348944e-05
3050,4.429247201187536e-05
3051,4.4271189835853875e-05
3052,4.42490927525796e-05
3053,4.423205609782599e-05
3054,4.421023550094105e-05
3055,4.4196563976584e-05
3056,4.417747550178319e-05
3057,4.4158394302939996e-05
3058,4.412947964738123e-05
3059,4.411466215969995e-05
3060,4.4093187170801684e-05
3061,4.407659071148373e-05
3062,4.405544314067811e-05
3063,4.403830098453909e-05
3064,4.40099865954835e-05
3065,4.401216938276775e-05
3066,4.3994128645863384e-05
3067,4.395657742861658e-05
3068,4.391972834127955e-05
3069,4.3898584408452734e-05
3070,4.3886750063393265e-05
3071,4.385975262266584e-05
3072,4.384225758258253e-05
3073,4.382390034152195e-05
3074,4.380381142254919e-05
3075,4.3776683014584705e-05
3076,4.37490816693753e-05
3077,4.37254311691504e-05
3078,4.3850697693414986e-05
3079,4.3714851926779374e-05
3080,4.368949885247275e-05
3081,4.3695676140487194e-05
3082,4.367331712273881e-05
3083,4.365013228380121e-05
3084,4.3628802814055234e-05
3085,4.361285755294375e-05
3086,4.359894955996424e-05
3087,4.358131263870746e-05
3088,4.381345206638798e-05
3089,4.357340367278084e-05
3090,4.358467413112521e-05
3091,4.356942736194469e-05
3092,4.3551506678340957e-05
3093,4.353558688308112e-05
3094,4.359310696600005e-05
3095,4.3527026718948036e-05
3096,4.3518186430446804e-05
3097,4.3504736822796986e-05
3098,4.349155642557889e-05
3099,4.347328649600968e-05
3100,4.346021160017699e-05
3101,4.34502144344151e-05
3102,4.3440330045996234e-05
3103,4.343178807175718e-05
3104,4.342263127909973e-05
3105,4.340822124504484e-05
3106,4.3383173760958016e-05
3107,4.33482309745159e-05
3108,4.330915544414893e-05
3109,4.322853419580497e-05
3110,4.318326318752952e-05
3111,4.3163992813788354e-05
3112,4.3245276174275205e-05
3113,4.3134794395882636e-05
3114,4.318832725402899e-05
3115,4.3104224459966645e-05
3116,4.307345807319507e-05
3117,4.303271634853445e-05
3118,4.300730142858811e-05
3119,4.297466148273088e-05
3120,4.2965188185917214e-05
3121,4.2936429963447154e-05
3122,4.291303412173875e-05
3123,4.288284981157631e-05
3124,4.286393595975824e-05
3125,4.283459929865785e-05
3126,4.2790299630723894e-05
3127,4.2764702811837196e-05
3128,4.2773510358529165e-05
3129,4.2745101382024586e-05
3130,4.2716317693702877e-05
3131,4.268420525477268e-05
3132,4.2642190237529576e-05
3133,4.2597675928846e-05
3134,4.2556628613965586e-05
3135,4.252723738318309e-05
3136,4.248745972290635e-05
3137,4.244753290549852e-05
3138,4.241399801685475e-05
3139,4.238353358232416e-05
3140,4.235420419718139e-05
3141,4.2320873035350814e-05
3142,4.2301697249058634e-05
3143,4.2288411350455135e-05
3144,4.227312820148654e-05
3145,4.2266059608664364e-05
3146,4.2367279093014076e-05
3147,4.2258565372321755e-05
3148,4.2237963498337194e-05
3149,4.2220024624839425e-05
3150,4.2201121686957777e-05
3151,4.2182447941740975e-05
3152,4.215830267639831e-05
3153,4.214411092107184e-05
3154,4.212216299492866e-05
3155,4.211220584693365e-05
3156,4.209993130643852e-05
3157,4.207839447190054e-05
3158,4.2070056224474683e-05
3159,4.2052404751302674e-05
3160,4.20376454712823e-05
3161,4.203713615424931e-05
